image_name,target,prob_malignant,pred
ISIC_8105845,0,0.04859183728694916,0
ISIC_5147292,1,0.6685594916343689,1
ISIC_6524119,0,0.0011143871815875173,0
ISIC_6874310,0,0.0028278129175305367,0
ISIC_2754949,0,0.00581092294305563,0
ISIC_7208412,0,3.199544516974129e-05,0
ISIC_3062820,0,0.4696838855743408,0
ISIC_1475463,0,0.13749933242797852,0
ISIC_0305842,0,0.0008146534091793001,0
ISIC_1367357,0,0.0003840908466372639,0
ISIC_3285862,0,0.9849512577056885,1
ISIC_0742607,0,0.008966387249529362,0
ISIC_5678113,0,0.0010639552492648363,0
ISIC_6762833,0,6.1062460190441925e-06,0
ISIC_0643659,0,0.0003015552938450128,0
ISIC_3868656,0,0.0004414771683514118,0
ISIC_0452459,0,0.11768750101327896,0
ISIC_6807502,0,0.20758755505084991,0
ISIC_7945367,0,0.22141024470329285,0
ISIC_2468572,0,0.0002086120075546205,0
ISIC_5868291,1,0.9681240320205688,1
ISIC_1111163,0,1.50237084994842e-07,0
ISIC_2693412,0,0.00013528554700314999,0
ISIC_7130059,0,0.6765863299369812,1
ISIC_6473876,0,0.08418337255716324,0
ISIC_4391904,0,0.38789063692092896,0
ISIC_6900405,0,0.11425726860761642,0
ISIC_6247668,0,0.4299111068248749,0
ISIC_4834452,0,0.015290744602680206,0
ISIC_5097807,0,0.01653834991157055,0
ISIC_6258919,0,0.13009364902973175,0
ISIC_3440813,0,0.43404215574264526,0
ISIC_4618932,0,0.9560372233390808,1
ISIC_7950729,0,0.7462202906608582,1
ISIC_7944654,0,0.0017456058412790298,0
ISIC_6778936,0,0.0005772163858637214,0
ISIC_5898320,0,0.012745668180286884,0
ISIC_7539588,0,3.5528017178876325e-05,0
ISIC_5283467,0,0.1456080675125122,0
ISIC_7600581,0,0.694595217704773,1
ISIC_9529462,0,0.7704241871833801,1
ISIC_4334767,0,0.4992617666721344,0
ISIC_4077252,0,0.4943283200263977,0
ISIC_4496665,0,0.006249877158552408,0
ISIC_5167067,0,4.348352013039403e-05,0
ISIC_4307205,0,0.00023985101142898202,0
ISIC_8876911,0,0.09002389013767242,0
ISIC_0176781,0,0.005410873331129551,0
ISIC_0437567,0,0.43238523602485657,0
ISIC_3585737,0,0.04843197017908096,0
ISIC_7184881,0,0.1666719764471054,0
ISIC_2610429,0,0.10163486748933792,0
ISIC_7785723,1,0.5624608993530273,1
ISIC_2976789,0,0.0008789703133516014,0
ISIC_6353527,0,0.7488266229629517,1
ISIC_4884394,0,0.025518683716654778,0
ISIC_7413014,0,0.7779157757759094,1
ISIC_6906476,0,0.6418750286102295,1
ISIC_4696783,0,0.770938515663147,1
ISIC_9925445,0,0.17751292884349823,0
ISIC_0839675,0,0.06629792600870132,0
ISIC_7386891,0,0.005500648636370897,0
ISIC_3116507,0,0.2045971155166626,0
ISIC_1460786,0,0.6035112142562866,1
ISIC_2336763,0,0.9980283379554749,1
ISIC_2833156,0,0.008109762333333492,0
ISIC_0189333,0,0.8763816952705383,1
ISIC_4109088,0,0.6981914043426514,1
ISIC_4231065,0,0.011146778240799904,0
ISIC_4586940,0,9.895917173707858e-06,0
ISIC_3003666,0,0.12570820748806,0
ISIC_5777697,0,0.06949292868375778,0
ISIC_8650516,0,0.07700926065444946,0
ISIC_4829706,0,5.592870365944691e-06,0
ISIC_6332165,0,0.0002119210985256359,0
ISIC_9389584,0,0.00125142524484545,0
ISIC_5829771,0,0.0018823830178007483,0
ISIC_9788591,0,0.4967030882835388,0
ISIC_4548995,0,2.5745881430339068e-05,0
ISIC_4686274,0,0.6866405606269836,1
ISIC_8483288,0,0.0006379234255291522,0
ISIC_0964827,0,0.5469182729721069,1
ISIC_4699833,0,0.0002851947210729122,0
ISIC_8584089,0,0.6955481171607971,1
ISIC_1591931,0,0.7441774606704712,1
ISIC_8310944,0,5.056973577666213e-07,0
ISIC_5033906,0,0.05031292513012886,0
ISIC_6873847,0,0.38561156392097473,0
ISIC_5464942,0,0.06978536397218704,0
ISIC_0674644,0,0.05744105577468872,0
ISIC_0339959,0,0.0009666312835179269,0
ISIC_9435927,0,0.10465411096811295,0
ISIC_8116421,0,0.006538834888488054,0
ISIC_5717503,0,0.00028565488173626363,0
ISIC_1515410,0,0.3172495663166046,0
ISIC_8958711,0,0.7770562171936035,1
ISIC_6207688,0,0.00027647509705275297,0
ISIC_0760740,0,9.627873623685446e-06,0
ISIC_3992028,0,0.019305864349007607,0
ISIC_2376574,0,0.5056849122047424,1
ISIC_6784756,0,0.012429437600076199,0
ISIC_2996391,0,0.2274143099784851,0
ISIC_1545675,0,0.0009007427142933011,0
ISIC_0761975,0,0.5428164601325989,1
ISIC_8690232,0,0.2531241476535797,0
ISIC_3981101,0,0.03302948176860809,0
ISIC_8862290,0,0.0023302831687033176,0
ISIC_4435164,0,0.000885224377270788,0
ISIC_4085552,0,0.9708943963050842,1
ISIC_7313442,0,0.00032548297895118594,0
ISIC_6507241,0,0.00036316883051767945,0
ISIC_7897090,0,0.0003491254465188831,0
ISIC_0234894,0,0.015887966379523277,0
ISIC_8711983,0,0.008112570270895958,0
ISIC_4495224,0,0.13443595170974731,0
ISIC_5373353,0,0.005108487326651812,0
ISIC_8174951,0,0.00014877518697176129,0
ISIC_6651721,0,0.00010235283843940124,0
ISIC_3139230,0,0.20568186044692993,0
ISIC_2281984,0,0.45160481333732605,0
ISIC_3343729,0,0.4856874942779541,0
ISIC_7139908,0,0.11420717090368271,0
ISIC_7132222,0,0.3685167133808136,0
ISIC_6470737,0,0.6479678750038147,1
ISIC_8107787,0,0.021640270948410034,0
ISIC_1366715,0,0.025936687365174294,0
ISIC_6373689,0,0.07822443544864655,0
ISIC_5832623,0,0.02584385685622692,0
ISIC_5526478,0,0.09593666344881058,0
ISIC_4978039,0,8.348394476342946e-05,0
ISIC_9417242,0,0.15753649175167084,0
ISIC_6930719,0,0.0007345287594944239,0
ISIC_7350351,0,0.560889482498169,1
ISIC_1940321,0,0.001740658888593316,0
ISIC_3654373,0,0.01363936997950077,0
ISIC_6544051,0,0.4796510636806488,0
ISIC_0732124,0,0.00016193458577618003,0
ISIC_8703375,0,0.04900243133306503,0
ISIC_4348579,0,0.013227209448814392,0
ISIC_5643505,0,0.7412394285202026,1
ISIC_7004857,0,0.14729911088943481,0
ISIC_6547275,0,0.002504259580746293,0
ISIC_8012737,0,0.217514306306839,0
ISIC_2725183,0,0.03413384035229683,0
ISIC_1454176,0,5.059003160567954e-05,0
ISIC_2252702,0,0.7768855094909668,1
ISIC_8219342,0,0.7190698385238647,1
ISIC_3559835,0,0.48729658126831055,0
ISIC_2598702,0,0.14849933981895447,0
ISIC_8733745,0,9.6201556516462e-06,0
ISIC_7343496,0,0.016477083787322044,0
ISIC_1284397,0,0.4067161977291107,0
ISIC_7016839,0,0.0004364785272628069,0
ISIC_0901403,0,0.006636280100792646,0
ISIC_9761523,0,0.002966923639178276,0
ISIC_9280557,0,0.6208326816558838,1
ISIC_3942426,0,0.014330313540995121,0
ISIC_6282858,0,0.010385789908468723,0
ISIC_4300983,0,0.5865288972854614,1
ISIC_7457969,0,0.4768778085708618,0
ISIC_9295135,0,0.0004523686948232353,0
ISIC_4425604,0,2.211579521826934e-05,0
ISIC_5498202,0,0.7928688526153564,1
ISIC_5731061,0,0.026075879111886024,0
ISIC_1127653,0,0.017678862437605858,0
ISIC_5046402,0,0.0004550408339127898,0
ISIC_2643646,0,5.761723514297046e-06,0
ISIC_0528495,0,0.5156058669090271,1
ISIC_5866419,0,0.2413739562034607,0
ISIC_6770028,0,0.01405238639563322,0
ISIC_4428649,0,0.0006500255549326539,0
ISIC_4978474,0,0.044365935027599335,0
ISIC_2645333,0,0.5816364288330078,1
ISIC_9870508,0,0.000850440061185509,0
ISIC_0502419,0,0.0010277285473421216,0
ISIC_3427696,0,0.7338715195655823,1
ISIC_6831244,0,0.37594228982925415,0
ISIC_5865498,0,0.4403604567050934,0
ISIC_7677461,0,0.0003074908454436809,0
ISIC_4490903,0,0.05432694032788277,0
ISIC_0498374,0,0.00012314855121076107,0
ISIC_1372318,0,0.6255276203155518,1
ISIC_4804912,0,0.6359277963638306,1
ISIC_3804784,0,0.13517020642757416,0
ISIC_1908424,0,0.27255621552467346,0
ISIC_3118628,0,0.2574590742588043,0
ISIC_1743989,0,1.9044721284444677e-06,0
ISIC_4830849,0,0.7601744532585144,1
ISIC_7818429,0,0.3386576473712921,0
ISIC_6118824,0,0.10225468873977661,0
ISIC_3959888,0,0.7156181931495667,1
ISIC_7110371,0,0.5954022407531738,1
ISIC_8409323,0,0.00011080542026320472,0
ISIC_8391622,0,0.008100689388811588,0
ISIC_0937346,0,0.8212830424308777,1
ISIC_0587664,0,0.012236185371875763,0
ISIC_8329040,0,0.4224712550640106,0
ISIC_0217057,0,0.000852094788569957,0
ISIC_3972165,0,0.7389764189720154,1
ISIC_7699223,0,0.04821660369634628,0
ISIC_1860548,0,0.3414250910282135,0
ISIC_8940603,0,0.775210440158844,1
ISIC_7849654,0,0.023058829829096794,0
ISIC_9893956,0,0.00040767318569123745,0
ISIC_6257952,0,0.002148896222934127,0
ISIC_3269939,0,2.401663914497476e-05,0
ISIC_9197665,0,0.004328623879700899,0
ISIC_4644148,0,0.906260073184967,1
ISIC_9255094,0,0.4267655611038208,0
ISIC_6212809,0,0.00016973122546914965,0
ISIC_4863236,0,0.003107612021267414,0
ISIC_4477650,0,0.009238671511411667,0
ISIC_7234197,0,0.9650405049324036,1
ISIC_9537483,0,0.001563457422889769,0
ISIC_1911193,0,0.00010184559505432844,0
ISIC_2019273,0,0.4200960099697113,0
ISIC_3833253,0,0.0008080448023974895,0
ISIC_7468872,0,0.0010662885615602136,0
ISIC_9135251,0,0.11642567813396454,0
ISIC_9753857,0,0.03907477483153343,0
ISIC_2467153,0,0.007025257684290409,0
ISIC_5758439,0,0.00798338558524847,0
ISIC_9482754,0,0.5520600080490112,1
ISIC_6616671,0,2.0894508168112225e-07,0
ISIC_1543772,0,0.16770534217357635,0
ISIC_5811424,0,0.5701778531074524,1
ISIC_1137915,0,0.2834091782569885,0
ISIC_3551661,0,0.27634888887405396,0
ISIC_0854727,0,0.06294945627450943,0
ISIC_3720117,0,4.261815774952993e-05,0
ISIC_5006118,0,9.115674401982687e-06,0
ISIC_7643966,0,0.7821964621543884,1
ISIC_4711251,0,6.203730299603194e-05,0
ISIC_1799849,0,5.896023594686994e-06,0
ISIC_2403471,0,0.01521485485136509,0
ISIC_6552421,0,0.033212609589099884,0
ISIC_9851993,0,0.13174857199192047,0
ISIC_4130540,0,0.0040664589032530785,0
ISIC_5752713,0,8.324640475620981e-06,0
ISIC_3307060,0,0.2079998254776001,0
ISIC_4143831,0,0.2951362431049347,0
ISIC_1075231,0,0.061046529561281204,0
ISIC_6622594,0,0.00028971218853257596,0
ISIC_5649538,0,0.5699881315231323,1
ISIC_1022653,0,0.001128600211814046,0
ISIC_3685955,0,0.0006812645588070154,0
ISIC_4042405,0,0.0008949856855906546,0
ISIC_1358348,0,0.5921517014503479,1
ISIC_5807597,0,0.03146718814969063,0
ISIC_7207496,0,0.2808191478252411,0
ISIC_4174013,0,0.5527300238609314,1
ISIC_9957720,0,0.0001722327433526516,0
ISIC_4009405,0,0.0041130706667900085,0
ISIC_1245414,0,0.0005442583933472633,0
ISIC_5264912,0,0.002935102442279458,0
ISIC_9524576,0,0.00015636208991054446,0
ISIC_8475324,0,0.08553240448236465,0
ISIC_8325226,1,0.6577438116073608,1
ISIC_4683695,0,0.2492351531982422,0
ISIC_1826803,0,0.9795007705688477,1
ISIC_2736625,0,0.001810976304113865,0
ISIC_5676027,0,0.27324816584587097,0
ISIC_5712029,0,0.3763876259326935,0
ISIC_6580094,0,0.7304924130439758,1
ISIC_9157720,0,0.14506465196609497,0
ISIC_6124481,1,0.47918573021888733,0
ISIC_2906030,0,2.02614683075808e-05,0
ISIC_5596405,0,0.042705655097961426,0
ISIC_1843259,0,0.6675640344619751,1
ISIC_4257634,0,0.5604602098464966,1
ISIC_0275661,0,0.001480157021433115,0
ISIC_1750424,0,0.6271315217018127,1
ISIC_2380341,0,7.192992052296177e-05,0
ISIC_1672821,0,0.0042709894478321075,0
ISIC_3893659,0,7.527109846705571e-05,0
ISIC_4957216,0,0.4009993076324463,0
ISIC_8068826,0,0.8345479965209961,1
ISIC_0969178,0,0.0020492637995630503,0
ISIC_8896474,0,0.0004961591330356896,0
ISIC_0413901,0,0.03319864347577095,0
ISIC_4840910,0,0.4877653419971466,0
ISIC_1016695,0,0.9721688628196716,1
ISIC_7484555,0,0.5245216488838196,1
ISIC_6338053,0,0.009812147356569767,0
ISIC_9840491,0,0.6294470429420471,1
ISIC_8971580,0,0.8714202046394348,1
ISIC_9759505,0,0.4641522467136383,0
ISIC_8631304,0,0.0011623622849583626,0
ISIC_7814139,0,0.006314562167972326,0
ISIC_5346504,0,0.0032892802264541388,0
ISIC_9540825,0,0.0031329470220953226,0
ISIC_4974788,0,0.6967623829841614,1
ISIC_0231465,0,0.8040030598640442,1
ISIC_5380326,0,0.08493900299072266,0
ISIC_7073546,0,6.487758946605027e-05,0
ISIC_6991849,0,0.5107348561286926,1
ISIC_5509946,0,0.001353049767203629,0
ISIC_8505182,0,0.31204742193222046,0
ISIC_3999614,0,0.5335065126419067,1
ISIC_7140910,0,0.4541082978248596,0
ISIC_5069780,0,0.3238450884819031,0
ISIC_3996796,1,0.969398021697998,1
ISIC_7831274,0,4.14947971876245e-05,0
ISIC_6284722,0,0.0004394741263240576,0
ISIC_3999608,0,0.734522819519043,1
ISIC_7085517,0,3.609123086789623e-05,0
ISIC_1210620,0,0.015964588150382042,0
ISIC_5506099,0,0.00929593201726675,0
ISIC_5846233,0,7.638916576979682e-05,0
ISIC_5901919,0,0.1398853361606598,0
ISIC_6392478,0,0.025367150083184242,0
ISIC_2705052,0,0.003928314428776503,0
ISIC_1632949,0,0.15942442417144775,0
ISIC_3590997,0,0.0007458284962922335,0
ISIC_5584181,0,0.5553686022758484,1
ISIC_6786823,0,0.523250937461853,1
ISIC_9965754,0,0.0006624372908845544,0
ISIC_9224820,0,0.01931930147111416,0
ISIC_8026339,0,1.694025741016958e-05,0
ISIC_0381342,0,0.40315550565719604,0
ISIC_8668631,0,0.03077170066535473,0
ISIC_8153195,0,2.0419929569470696e-05,0
ISIC_7628500,0,0.00013444873911794275,0
ISIC_7590008,0,0.6200243234634399,1
ISIC_1448835,0,2.5759259187907446e-06,0
ISIC_5167572,0,0.5996170043945312,1
ISIC_1436572,0,0.9941514134407043,1
ISIC_6068452,0,7.0398855314124376e-06,0
ISIC_3464344,1,0.7535068392753601,1
ISIC_8633512,0,0.5305466651916504,1
ISIC_5386244,0,0.0002309381088707596,0
ISIC_3838110,0,0.05675515905022621,0
ISIC_4748031,0,0.016204088926315308,0
ISIC_0565836,0,0.1018247976899147,0
ISIC_6406035,0,4.2543033487163484e-05,0
ISIC_1110691,0,0.16526636481285095,0
ISIC_2256999,0,0.005912899039685726,0
ISIC_2228053,0,7.738135900581256e-05,0
ISIC_0301568,0,0.01296039018779993,0
ISIC_4483719,0,0.3704018294811249,0
ISIC_8246244,0,0.3932188153266907,0
ISIC_6627142,0,0.03134328871965408,0
ISIC_9319602,0,0.18913543224334717,0
ISIC_4100970,0,0.07419281452894211,0
ISIC_8614712,0,0.0444067157804966,0
ISIC_1309130,0,0.3433525562286377,0
ISIC_1497121,0,0.5958831310272217,1
ISIC_9196033,0,0.21212723851203918,0
ISIC_4012047,1,0.5376227498054504,1
ISIC_0261693,0,0.002194364322349429,0
ISIC_0835985,0,0.0013878728495910764,0
ISIC_1964765,0,0.7912505269050598,1
ISIC_3516857,0,0.6094841361045837,1
ISIC_3715736,0,0.2580806314945221,0
ISIC_7988726,0,0.05869510769844055,0
ISIC_6262797,0,0.02292504906654358,0
ISIC_7292533,0,0.0011743165086954832,0
ISIC_5390932,0,9.644044212109293e-07,0
ISIC_9222136,0,0.0002056143421214074,0
ISIC_2528656,0,0.003394616302102804,0
ISIC_7491724,0,1.9065539163420908e-05,0
ISIC_9411337,0,2.098952063533943e-05,0
ISIC_3936223,1,0.9148017168045044,1
ISIC_1510984,0,0.0007750608492642641,0
ISIC_1560026,0,2.0286447011130804e-07,0
ISIC_2301029,0,3.5094231861876324e-05,0
ISIC_2108938,0,0.7855443954467773,1
ISIC_2484404,0,0.8553450703620911,1
ISIC_5179503,0,0.14347267150878906,0
ISIC_4398957,0,0.0027186479419469833,0
ISIC_4569978,0,0.44307219982147217,0
ISIC_5939646,0,1.3308253983268514e-05,0
ISIC_3568064,0,0.002428642939776182,0
ISIC_6269414,0,0.12376068532466888,0
ISIC_3707185,0,0.7162169814109802,1
ISIC_7232801,0,0.6051812767982483,1
ISIC_9142919,0,0.0005756551399827003,0
ISIC_5552041,0,0.7589778900146484,1
ISIC_4221778,0,0.2317143678665161,0
ISIC_8707606,0,0.0007750312797725201,0
ISIC_1521135,0,0.7521196603775024,1
ISIC_0661926,0,2.7243204385740682e-05,0
ISIC_0256926,0,0.29154521226882935,0
ISIC_3187836,0,0.20970232784748077,0
ISIC_0370132,0,0.10539554059505463,0
ISIC_4042947,0,0.2334582358598709,0
ISIC_1888761,0,0.19190672039985657,0
ISIC_7219628,0,0.04602611064910889,0
ISIC_8534607,0,0.8109050989151001,1
ISIC_5592192,0,0.004050604533404112,0
ISIC_2217052,0,0.00022645143326371908,0
ISIC_0626653,0,0.7784645557403564,1
ISIC_3344329,0,0.544561505317688,1
ISIC_7595351,0,0.003109486075118184,0
ISIC_1693912,0,0.00017437948554288596,0
ISIC_8968224,0,0.08164338767528534,0
ISIC_3185336,0,0.5893129110336304,1
ISIC_8762217,0,0.2914908528327942,0
ISIC_3170397,0,4.495443863561377e-05,0
ISIC_4033750,0,0.5043410062789917,1
ISIC_9077709,0,0.7836431264877319,1
ISIC_2700308,0,0.005894482135772705,0
ISIC_4032288,0,7.399312949019077e-07,0
ISIC_8355446,1,8.841557428240776e-05,0
ISIC_2100500,0,0.18066999316215515,0
ISIC_3418079,0,0.29030540585517883,0
ISIC_2778737,0,0.008837825618684292,0
ISIC_0923157,0,0.1745099276304245,0
ISIC_8069110,0,6.146779924165457e-05,0
ISIC_9918528,0,0.0008239335147663951,0
ISIC_9571107,0,0.7515432834625244,1
ISIC_7240424,0,0.0009139077155850828,0
ISIC_4770452,0,0.00032269145594909787,0
ISIC_5728413,0,0.24757541716098785,0
ISIC_5044391,0,0.9657695889472961,1
ISIC_7745175,0,0.0052944365888834,0
ISIC_2950632,0,0.1909845471382141,0
ISIC_4538207,0,4.046386311529204e-05,0
ISIC_4868262,0,0.8323847651481628,1
ISIC_8314055,0,0.017230646684765816,0
ISIC_0671826,0,0.19675476849079132,0
ISIC_7460111,0,0.19959881901741028,0
ISIC_6718307,0,0.0013493424048647285,0
ISIC_1640426,0,0.004008166491985321,0
ISIC_9654389,0,0.0843891128897667,0
ISIC_1534609,0,0.046101491898298264,0
ISIC_0974233,0,0.0007864936487749219,0
ISIC_3635300,0,0.4887135624885559,0
ISIC_7618812,0,0.07339456677436829,0
ISIC_1148874,0,0.10491997748613358,0
ISIC_7773544,0,0.3893600404262543,0
ISIC_4330005,0,0.9247370362281799,1
ISIC_2023594,0,0.008976566605269909,0
ISIC_8139964,0,0.0009681419469416142,0
ISIC_7102070,0,0.0005952711217105389,0
ISIC_0378714,0,0.00022801634622737765,0
ISIC_1579463,0,0.4426307678222656,0
ISIC_2226341,0,0.25014305114746094,0
ISIC_4373429,0,0.6572120189666748,1
ISIC_6031046,0,0.01877932995557785,0
ISIC_6622892,0,0.017923958599567413,0
ISIC_1048077,0,0.02523919567465782,0
ISIC_1157790,0,0.1762361377477646,0
ISIC_4299282,0,0.1560293287038803,0
ISIC_4064936,0,0.10721026360988617,0
ISIC_0821520,0,0.028105497360229492,0
ISIC_5889054,0,0.0003598877228796482,0
ISIC_4174614,0,0.09966990351676941,0
ISIC_9562157,0,0.012733613140881062,0
ISIC_1284089,0,0.15916691720485687,0
ISIC_9333157,0,0.10523652285337448,0
ISIC_1666840,0,5.902145403524628e-07,0
ISIC_6126620,0,0.4516099691390991,0
ISIC_7896286,0,0.392306923866272,0
ISIC_6606767,0,0.19372019171714783,0
ISIC_6403592,0,0.22297079861164093,0
ISIC_8651476,0,0.305135041475296,0
ISIC_9590644,0,0.017112741246819496,0
ISIC_8184237,0,3.2230269425781444e-05,0
ISIC_9710367,0,0.002834987360984087,0
ISIC_2908193,0,0.22434870898723602,0
ISIC_7373780,0,2.1321087842807174e-05,0
ISIC_8758601,0,0.7233458757400513,1
ISIC_3908965,0,2.0642685285565676e-06,0
ISIC_6147463,0,0.01731931045651436,0
ISIC_7793859,0,0.18700827658176422,0
ISIC_9534978,0,0.15222610533237457,0
ISIC_5757319,0,4.444373553269543e-05,0
ISIC_8834291,0,0.0010864011710509658,0
ISIC_1796387,0,0.5278785228729248,1
ISIC_5819346,0,4.978126639798575e-07,0
ISIC_0281286,0,2.6148365577682853e-05,0
ISIC_8324533,0,0.17615382373332977,0
ISIC_1756265,0,0.007238183170557022,0
ISIC_7128674,0,0.23247553408145905,0
ISIC_6895248,0,1.056971541402163e-05,0
ISIC_8164676,0,0.002560533583164215,0
ISIC_7528105,0,0.2960377633571625,0
ISIC_7011793,0,0.6284494996070862,1
ISIC_1688271,0,0.1888158917427063,0
ISIC_3209995,0,0.14954428374767303,0
ISIC_9506257,0,0.44053325057029724,0
ISIC_3951677,0,0.26934924721717834,0
ISIC_6075084,0,0.00016425404464825988,0
ISIC_1578507,0,0.17073802649974823,0
ISIC_0262276,0,0.529761552810669,1
ISIC_8090236,0,0.08728792518377304,0
ISIC_1876409,0,4.066943802172318e-05,0
ISIC_9797612,0,0.9329121708869934,1
ISIC_5700599,0,0.00016466568922623992,0
ISIC_6285925,1,0.049698639661073685,0
ISIC_8818862,0,0.03531639277935028,0
ISIC_5739570,0,0.00017700469470582902,0
ISIC_6544804,0,0.003872356377542019,0
ISIC_8030063,0,0.8589355945587158,1
ISIC_0836727,0,0.13908173143863678,0
ISIC_8357384,0,0.0027502127923071384,0
ISIC_3312574,0,0.0010394769487902522,0
ISIC_5743012,0,0.08414100110530853,0
ISIC_2637968,0,0.8458393216133118,1
ISIC_0404809,0,0.17985114455223083,0
ISIC_4641968,0,0.0020335023291409016,0
ISIC_8483490,0,0.0007621420663781464,0
ISIC_5250954,0,0.132973313331604,0
ISIC_3540971,0,0.0013387117069214582,0
ISIC_7189351,0,2.3531692932010628e-05,0
ISIC_0749089,0,0.4547603726387024,0
ISIC_5047172,0,0.000246776471612975,0
ISIC_3733653,1,0.9679622650146484,1
ISIC_9057166,0,0.10835109651088715,0
ISIC_4116553,0,0.8681904673576355,1
ISIC_8335261,0,0.0031867476645857096,0
ISIC_7779382,0,0.2504091262817383,0
ISIC_5388184,1,0.9817710518836975,1
ISIC_4725027,0,0.2573966383934021,0
ISIC_1490161,0,0.6078295111656189,1
ISIC_0174903,0,0.2019011378288269,0
ISIC_7077740,0,0.0011822866508737206,0
ISIC_0278116,0,0.7567756175994873,1
ISIC_3206586,0,0.01840638928115368,0
ISIC_0719631,0,0.00049958674935624,0
ISIC_1100216,0,0.5545040369033813,1
ISIC_3833467,0,0.10681263357400894,0
ISIC_9685245,0,0.4839096665382385,0
ISIC_4417495,0,0.41265568137168884,0
ISIC_6413346,0,0.17407770454883575,0
ISIC_8325569,0,0.8234427571296692,1
ISIC_9879041,0,0.0019336518598720431,0
ISIC_1785671,0,0.6150534152984619,1
ISIC_0592973,0,0.0012757027288898826,0
ISIC_8855102,0,0.042045626789331436,0
ISIC_4568565,0,0.0004821145557798445,0
ISIC_1493314,0,0.09347780048847198,0
ISIC_8070074,0,0.1915932595729828,0
ISIC_4709818,0,0.8422110080718994,1
ISIC_3607658,0,0.6575744152069092,1
ISIC_1501483,0,0.3505421578884125,0
ISIC_8497002,0,0.00010730249050538987,0
ISIC_3241291,0,0.031938012689352036,0
ISIC_6537021,0,0.0016813345719128847,0
ISIC_0411688,0,0.011919536627829075,0
ISIC_8120264,0,2.1041831132606603e-05,0
ISIC_8307974,0,0.023494433611631393,0
ISIC_4827138,0,0.6410358548164368,1
ISIC_6600424,0,3.944498075725278e-06,0
ISIC_5950116,0,0.04863026738166809,0
ISIC_4928426,0,0.8999300599098206,1
ISIC_4027455,0,0.8133144974708557,1
ISIC_0341350,0,0.9182301163673401,1
ISIC_4269227,0,4.16200709878467e-05,0
ISIC_9418745,0,0.06616989523172379,0
ISIC_5366458,0,0.0004212804196868092,0
ISIC_4791589,0,0.14995259046554565,0
ISIC_5418679,0,0.006321273744106293,0
ISIC_4994695,0,0.0008063886780291796,0
ISIC_0310341,0,0.003799875732511282,0
ISIC_2548805,0,0.6187231540679932,1
ISIC_6186467,0,0.00206580338999629,0
ISIC_9107094,0,0.053231481462717056,0
ISIC_5047956,0,0.4648987054824829,0
ISIC_7800170,0,0.00020705325005110353,0
ISIC_4078966,0,0.6359418630599976,1
ISIC_7353024,0,0.09025394171476364,0
ISIC_7966295,0,0.0008146275067701936,0
ISIC_7468304,0,0.28417253494262695,0
ISIC_3341710,1,0.7431034445762634,1
ISIC_6985996,0,1.4475138414127287e-05,0
ISIC_7397420,0,0.012232618406414986,0
ISIC_2704072,0,0.3351120948791504,0
ISIC_5768032,0,0.20464839041233063,0
ISIC_1906729,0,0.008348504081368446,0
ISIC_2212697,0,0.017735518515110016,0
ISIC_7115605,0,0.6546598076820374,1
ISIC_3394520,1,0.5785883069038391,1
ISIC_3114110,0,0.0148153742775321,0
ISIC_4905331,0,0.0018775101052597165,0
ISIC_0701455,0,0.23839014768600464,0
ISIC_4882333,0,0.32876643538475037,0
ISIC_6618140,0,0.00823363196104765,0
ISIC_3667693,0,0.17548668384552002,0
ISIC_8507102,0,0.9845511317253113,1
ISIC_5359062,0,0.000745112425647676,0
ISIC_6996877,0,0.003773638280108571,0
ISIC_2234161,0,0.0044443123042583466,0
ISIC_0253516,0,0.18538618087768555,0
ISIC_9762609,0,0.6670920848846436,1
ISIC_4073425,0,0.2702476382255554,0
ISIC_4691314,0,0.09246300160884857,0
ISIC_3340180,0,0.00014022382674738765,0
ISIC_0175530,0,0.0036659319885075092,0
ISIC_2476624,0,0.07574551552534103,0
ISIC_3508258,0,0.00012040128058288246,0
ISIC_0364478,0,0.9190891981124878,1
ISIC_7705725,0,0.07838317006826401,0
ISIC_6162308,0,0.1730525940656662,0
ISIC_1714941,0,0.47660502791404724,0
ISIC_4463482,0,1.5731353641967871e-06,0
ISIC_6968269,0,0.0014145370805636048,0
ISIC_1468122,0,2.134339638359961e-06,0
ISIC_9591623,0,0.08407576382160187,0
ISIC_2673586,0,2.836750900314655e-05,0
ISIC_2455081,0,3.294655471108854e-05,0
ISIC_7308195,0,0.001764400745742023,0
ISIC_7791397,0,0.062131814658641815,0
ISIC_9733592,0,0.07526203989982605,0
ISIC_3786438,0,1.0725519132392947e-05,0
ISIC_1867635,0,0.08328700810670853,0
ISIC_4243801,0,0.022001463919878006,0
ISIC_4307626,0,0.0755588561296463,0
ISIC_3597812,0,0.001957973698154092,0
ISIC_1560888,0,0.0021047776099294424,0
ISIC_2726186,0,0.157557874917984,0
ISIC_9483306,0,9.692786989035085e-05,0
ISIC_5768590,0,0.000756951340008527,0
ISIC_7764847,0,0.41212204098701477,0
ISIC_8388810,0,0.03983265906572342,0
ISIC_7245999,0,0.37959012389183044,0
ISIC_1572182,0,0.1620030254125595,0
ISIC_9255083,0,0.0004657111130654812,0
ISIC_1640113,0,0.5321745872497559,1
ISIC_9037499,0,0.6391153931617737,1
ISIC_8338141,0,4.8014971980592236e-05,0
ISIC_7649708,0,0.00023070152383297682,0
ISIC_4547148,0,7.800145976943895e-05,0
ISIC_9256571,0,0.3637448251247406,0
ISIC_8200231,0,0.0006307755247689784,0
ISIC_1487601,0,0.0009557123412378132,0
ISIC_7450965,0,0.10602393001317978,0
ISIC_5867703,0,0.0021495730616152287,0
ISIC_1850634,0,0.0011396055342629552,0
ISIC_8316707,0,0.03171514719724655,0
ISIC_0922251,0,4.114266630494967e-06,0
ISIC_9230976,0,0.6247509717941284,1
ISIC_5992534,0,0.02909998968243599,0
ISIC_7070384,0,7.35879730200395e-05,0
ISIC_9181399,0,3.142713467241265e-05,0
ISIC_8043607,0,1.2912937563669402e-05,0
ISIC_4056017,0,0.5560396909713745,1
ISIC_0295178,0,0.25460731983184814,0
ISIC_3998204,0,0.27657991647720337,0
ISIC_8954656,0,0.00012698271893896163,0
ISIC_9920161,0,0.19852440059185028,0
ISIC_6933978,0,0.000642314727883786,0
ISIC_1250266,0,0.15511639416217804,0
ISIC_4976189,0,0.00046500912867486477,0
ISIC_2610971,0,0.001729739597067237,0
ISIC_1438584,0,0.7504391670227051,1
ISIC_2488899,0,0.0005960867274552584,0
ISIC_7906462,0,0.014267112128436565,0
ISIC_9587173,0,0.4964485764503479,0
ISIC_2811896,0,0.18472377955913544,0
ISIC_3665298,0,0.0828138142824173,0
ISIC_9012536,0,8.525726116204169e-06,0
ISIC_2164836,0,0.0005829986184835434,0
ISIC_0171946,0,0.10774849355220795,0
ISIC_7215575,0,0.0002923801657743752,0
ISIC_0354123,0,5.119952038512565e-05,0
ISIC_5459207,0,0.8829190731048584,1
ISIC_4133665,0,8.213083492591977e-05,0
ISIC_0449983,0,0.0016178679652512074,0
ISIC_9157162,0,0.21480754017829895,0
ISIC_9469079,0,0.8913127779960632,1
ISIC_2995521,0,0.9223628640174866,1
ISIC_2891834,0,0.6915411353111267,1
ISIC_6335490,0,0.03127800673246384,0
ISIC_5098778,0,0.19459138810634613,0
ISIC_0929517,0,0.015848863869905472,0
ISIC_8274622,0,0.03238433972001076,0
ISIC_1113271,0,0.5673649907112122,1
ISIC_9067007,0,0.001595960115082562,0
ISIC_0084086,0,0.002171555068343878,0
ISIC_7140778,0,0.04481246694922447,0
ISIC_8427488,0,0.0008280901820398867,0
ISIC_7515318,0,0.1200098767876625,0
ISIC_7251852,0,0.4017692804336548,0
ISIC_9373279,0,0.0005733728175982833,0
ISIC_7935007,0,0.026677684858441353,0
ISIC_8556629,0,0.324324369430542,0
ISIC_5409956,0,0.011119558475911617,0
ISIC_4809996,0,0.6308679580688477,1
ISIC_1752306,0,1.647753015276976e-05,0
ISIC_6644699,0,0.010824006982147694,0
ISIC_7933162,0,0.0010962981032207608,0
ISIC_1009273,0,0.00014233138062991202,0
ISIC_4870936,0,0.00018560017633717507,0
ISIC_7864324,0,0.002522206399589777,0
ISIC_4933332,0,0.008601349778473377,0
ISIC_4559986,0,0.7703092694282532,1
ISIC_7165819,0,0.8120517134666443,1
ISIC_2873294,0,0.22267085313796997,0
ISIC_9434115,0,0.10721998661756516,0
ISIC_0687554,0,0.002661544131115079,0
ISIC_3838637,0,0.057461660355329514,0
ISIC_9842269,0,0.00040431474917568266,0
ISIC_5391415,0,0.10677950084209442,0
ISIC_5359127,0,0.006861269008368254,0
ISIC_8225018,0,0.22424282133579254,0
ISIC_0840730,0,0.011052639223635197,0
ISIC_2685044,0,0.0017540599219501019,0
ISIC_1002107,0,0.37126046419143677,0
ISIC_3317695,0,0.24418100714683533,0
ISIC_2156526,0,0.0037093176506459713,0
ISIC_7530414,0,0.7705858945846558,1
ISIC_9884145,0,1.2804032849089708e-05,0
ISIC_3788187,0,0.00012980436440557241,0
ISIC_8185610,0,0.002491863677278161,0
ISIC_9395681,0,0.0004779465380124748,0
ISIC_5871888,0,7.638916576979682e-05,0
ISIC_1812944,0,0.0025095446035265923,0
ISIC_4642190,0,0.01308125164359808,0
ISIC_1896350,0,0.08304816484451294,0
ISIC_8403824,0,0.0002460376126691699,0
ISIC_6189375,0,0.46709418296813965,0
ISIC_1658065,0,0.9138458967208862,1
ISIC_6373857,0,0.016953064128756523,0
ISIC_0753250,0,0.008277119137346745,0
ISIC_5635940,0,0.8214353919029236,1
ISIC_1143655,0,0.020969267934560776,0
ISIC_1519698,0,0.34023138880729675,0
ISIC_9625117,0,0.018964676186442375,0
ISIC_1929937,0,9.436399523110595e-06,0
ISIC_0638889,0,0.022501962259411812,0
ISIC_5924459,0,0.01787559874355793,0
ISIC_7307860,0,0.0015390121843665838,0
ISIC_2871456,0,5.606171180261299e-05,0
ISIC_6177670,0,0.2002432942390442,0
ISIC_7100755,1,0.904106080532074,1
ISIC_5675434,0,0.8332829475402832,1
ISIC_8206325,0,0.0003687655262183398,0
ISIC_8943906,0,0.00048728357069194317,0
ISIC_3579477,0,0.039423227310180664,0
ISIC_1234463,0,0.05217338353395462,0
ISIC_2011758,0,0.04064509645104408,0
ISIC_0109568,0,0.3847052752971649,0
ISIC_5629626,0,0.015289531089365482,0
ISIC_0452656,0,0.3864063322544098,0
ISIC_2009167,0,0.004172674845904112,0
ISIC_7134821,0,0.44401469826698303,0
ISIC_7776360,0,0.00013627627049572766,0
ISIC_7489108,0,0.0017433363245800138,0
ISIC_5852089,0,0.38601160049438477,0
ISIC_3371086,0,0.7266979217529297,1
ISIC_0342869,0,0.0008206410566344857,0
ISIC_2530259,0,0.0011209170334041119,0
ISIC_7642142,0,0.00021251053840387613,0
ISIC_1566215,0,0.3399633765220642,0
ISIC_2046079,0,0.24462556838989258,0
ISIC_7067677,0,0.021654479205608368,0
ISIC_2139102,0,1.0459667691975483e-06,0
ISIC_4106632,0,0.016338571906089783,0
ISIC_6172656,0,0.18566858768463135,0
ISIC_2438917,0,0.0027577467262744904,0
ISIC_3889479,0,6.88282443661592e-06,0
ISIC_3326704,0,0.4949794113636017,0
ISIC_6155981,0,6.508710612251889e-06,0
ISIC_3676639,0,0.7591622471809387,1
ISIC_8620514,0,0.005943965166807175,0
ISIC_6010415,0,0.0043266243301332,0
ISIC_4535099,0,0.00463031604886055,0
ISIC_7414124,0,0.017010334879159927,0
ISIC_5168050,0,0.0002395703486399725,0
ISIC_1201523,0,0.051903702318668365,0
ISIC_5106348,0,0.00023645031615160406,0
ISIC_2338423,0,0.17159490287303925,0
ISIC_9669177,0,0.0034781808499246836,0
ISIC_5144730,0,0.05863363295793533,0
ISIC_7330564,0,0.0019002017797902226,0
ISIC_8036175,0,0.010333593934774399,0
ISIC_8771892,0,4.560867455438711e-05,0
ISIC_5123813,0,0.0681510791182518,0
ISIC_6122044,0,0.6707753539085388,1
ISIC_7012881,0,3.961874608648941e-05,0
ISIC_9650427,0,0.06096451357007027,0
ISIC_9625295,0,0.6061572432518005,1
ISIC_7219275,0,0.04759714752435684,0
ISIC_3287807,0,0.577715277671814,1
ISIC_8516631,0,0.027863889932632446,0
ISIC_9285033,0,3.471298623480834e-05,0
ISIC_4465529,0,0.7917332053184509,1
ISIC_1968421,1,0.008320738561451435,0
ISIC_9555044,0,5.31374680576846e-05,0
ISIC_8405944,0,0.0024609060492366552,0
ISIC_2266011,0,0.1624613106250763,0
ISIC_6778005,0,0.18916499614715576,0
ISIC_6730885,0,6.485666744993068e-06,0
ISIC_4364382,0,0.0010163408005610108,0
ISIC_3800077,0,0.013327861204743385,0
ISIC_1013648,0,0.003590985666960478,0
ISIC_0961888,0,0.5897659659385681,1
ISIC_4297655,0,5.873010195500683e-06,0
ISIC_7767772,0,0.1658763587474823,0
ISIC_2404691,0,1.7344669913654798e-06,0
ISIC_2991936,0,0.005059525370597839,0
ISIC_2228262,0,0.6185875535011292,1
ISIC_6384997,0,0.04768464341759682,0
ISIC_6919907,0,0.06491168588399887,0
ISIC_0414259,0,2.4949380531325005e-05,0
ISIC_0738443,0,0.6325190663337708,1
ISIC_5510604,0,0.0005258173914626241,0
ISIC_8484660,0,0.0072157601825892925,0
ISIC_3997331,0,0.5180684328079224,1
ISIC_4831524,0,0.003055719891563058,0
ISIC_9703315,0,0.2556603252887726,0
ISIC_9804479,0,9.311573376180604e-05,0
ISIC_4136391,0,0.2969893515110016,0
ISIC_7641231,0,8.876404899638146e-05,0
ISIC_1061363,0,0.00334476912394166,0
ISIC_0871853,0,0.01025397703051567,0
ISIC_6808133,0,0.324435830116272,0
ISIC_1908801,0,0.03139902278780937,0
ISIC_8889010,0,0.0035982392728328705,0
ISIC_2910834,0,0.25486698746681213,0
ISIC_1819531,0,0.102052241563797,0
ISIC_0379624,0,5.4543274018215016e-05,0
ISIC_1851709,0,0.0004473401641007513,0
ISIC_1869864,0,0.6200611591339111,1
ISIC_4186524,0,0.3996509909629822,0
ISIC_9573538,0,0.004033421631902456,0
ISIC_7969673,0,0.0002527391479816288,0
ISIC_1525284,0,0.2772700786590576,0
ISIC_3010582,0,0.2607792913913727,0
ISIC_8654312,0,0.0034192283637821674,0
ISIC_3758567,0,0.22944167256355286,0
ISIC_4748023,0,0.0669574961066246,0
ISIC_5902851,0,9.171805686492007e-06,0
ISIC_5069771,0,0.17309890687465668,0
ISIC_0737354,0,0.09415207803249359,0
ISIC_8394715,0,0.09324736148118973,0
ISIC_0853430,0,5.821638478664681e-05,0
ISIC_9811939,0,0.003698327112942934,0
ISIC_1886413,0,0.724536657333374,1
ISIC_3499886,0,0.27037757635116577,0
ISIC_4317478,0,0.10588982701301575,0
ISIC_8812739,0,0.0010389824165031314,0
ISIC_4232053,0,0.018260793760418892,0
ISIC_1660279,0,0.19189201295375824,0
ISIC_5377148,0,0.07619746029376984,0
ISIC_3508192,0,0.30730772018432617,0
ISIC_7316364,0,1.519454690424027e-05,0
ISIC_4102774,0,0.06908857822418213,0
ISIC_7666224,0,3.048832695640158e-05,0
ISIC_1132788,0,0.2590149939060211,0
ISIC_9322551,0,0.002942949766293168,0
ISIC_4545553,0,0.006569880060851574,0
ISIC_8129362,0,0.46467125415802,0
ISIC_1375476,1,0.2790624797344208,0
ISIC_1714905,0,0.5479057431221008,1
ISIC_8747095,0,0.5655151605606079,1
ISIC_2279765,0,0.00018796778749674559,0
ISIC_9726957,0,0.0005017818184569478,0
ISIC_4391104,0,1.195347522298107e-05,0
ISIC_9711252,0,0.4072284400463104,0
ISIC_5162875,0,0.10876180231571198,0
ISIC_7281969,0,0.00027647666865959764,0
ISIC_4064438,0,0.00017637392738834023,0
ISIC_0741694,0,9.513674740446731e-06,0
ISIC_6787208,0,0.7829565405845642,1
ISIC_7947504,0,0.3530975580215454,0
ISIC_5302229,0,0.3308757543563843,0
ISIC_0519719,0,0.9918753504753113,1
ISIC_0436161,0,0.017205575481057167,0
ISIC_6441489,0,0.9534387588500977,1
ISIC_9861364,0,0.7272183895111084,1
ISIC_5347806,0,0.006592300720512867,0
ISIC_2351776,0,0.00022288232867140323,0
ISIC_1514102,0,0.3138880431652069,0
ISIC_8586909,0,0.2988993227481842,0
ISIC_2949131,0,0.6499806046485901,1
ISIC_4880952,0,0.2910923659801483,0
ISIC_7106012,0,0.0003276954812463373,0
ISIC_2867740,0,0.0019341855077072978,0
ISIC_6580862,0,0.011486206203699112,0
ISIC_2014953,0,0.0015920845326036215,0
ISIC_4755260,0,0.0001290490763494745,0
ISIC_5961544,0,0.12974552810192108,0
ISIC_3768074,0,0.0006476827547885478,0
ISIC_8869114,0,0.08281467109918594,0
ISIC_3255457,0,0.2290021777153015,0
ISIC_9050685,0,6.3437080825679e-05,0
ISIC_0458106,0,0.4364832639694214,0
ISIC_7270978,0,0.0015330045716837049,0
ISIC_5101322,0,8.952511052484624e-06,0
ISIC_5700139,0,1.56612804858014e-05,0
ISIC_1756631,0,0.5821191072463989,1
ISIC_1473511,0,0.009145514108240604,0
ISIC_0727489,0,0.0052649336867034435,0
ISIC_8278517,0,0.020494570955634117,0
ISIC_4327760,0,0.01734008826315403,0
ISIC_0166202,0,0.813862681388855,1
ISIC_8210624,0,0.2031385898590088,0
ISIC_3909443,0,0.010993405245244503,0
ISIC_6612356,0,0.8525732755661011,1
ISIC_5709772,0,5.634308035951108e-05,0
ISIC_0599755,0,0.020927956327795982,0
ISIC_5509464,0,0.5806179642677307,1
ISIC_0938463,0,0.020714186131954193,0
ISIC_1947833,0,0.4336584806442261,0
ISIC_7161002,0,4.1364459320902824e-05,0
ISIC_5938708,0,0.00017118392861448228,0
ISIC_1959040,0,0.0013730608625337481,0
ISIC_4920051,0,0.00011655245180008933,0
ISIC_5799555,0,0.12447261810302734,0
ISIC_3612630,0,0.0003221169754397124,0
ISIC_9217340,0,0.564360499382019,1
ISIC_3191646,0,0.2311992049217224,0
ISIC_5484046,0,0.9659214019775391,1
ISIC_9670400,0,1.1379603165551089e-05,0
ISIC_7912334,0,0.002588241593912244,0
ISIC_8381673,0,0.00027220704942010343,0
ISIC_2951012,0,0.0029334789142012596,0
ISIC_6566042,0,0.4888264536857605,0
ISIC_4038942,0,0.0005279812030494213,0
ISIC_5296786,0,0.7453476190567017,1
ISIC_7113522,0,0.026918925344944,0
ISIC_1182624,0,2.4101873350446112e-05,0
ISIC_5796495,0,0.49854132533073425,0
ISIC_6521444,0,0.6068357825279236,1
ISIC_1753877,0,0.020268840715289116,0
ISIC_5043996,0,0.5103667378425598,1
ISIC_6661491,0,3.789533138842671e-06,0
ISIC_6428488,0,1.6234549548244104e-05,0
ISIC_2142232,0,9.435377432964742e-05,0
ISIC_2199155,0,0.3280133306980133,0
ISIC_8496245,0,0.00846975576132536,0
ISIC_4747584,0,0.0003903939214069396,0
ISIC_5803938,0,0.684939980506897,1
ISIC_4066013,0,0.013511407189071178,0
ISIC_9307297,0,0.0006072280230000615,0
ISIC_3478491,0,0.006001530680805445,0
ISIC_1656255,0,0.000698004150763154,0
ISIC_8685259,0,0.5740137100219727,1
ISIC_4903900,0,0.4671905040740967,0
ISIC_8045105,0,0.016281157732009888,0
ISIC_5550263,0,0.3200371563434601,0
ISIC_5188831,0,5.066302765044384e-05,0
ISIC_6616542,0,0.11439576745033264,0
ISIC_2482016,0,0.175703227519989,0
ISIC_1414751,0,0.7769802212715149,1
ISIC_8380904,0,0.5518033504486084,1
ISIC_7400458,0,0.5368539094924927,1
ISIC_5324760,0,0.005187531933188438,0
ISIC_3238529,0,0.5344744920730591,1
ISIC_0417530,0,0.00010104347893502563,0
ISIC_3326604,0,0.017315974459052086,0
ISIC_8751380,0,0.9669508337974548,1
ISIC_1089746,0,0.18886150419712067,0
ISIC_8335398,0,0.0007109098369255662,0
ISIC_8797277,0,3.5415334878052818e-06,0
ISIC_3336297,0,0.00013705960009247065,0
ISIC_6893147,0,0.46511977910995483,0
ISIC_3975294,0,0.16996340453624725,0
ISIC_7883540,0,0.0015678126364946365,0
ISIC_8628639,0,0.5950730443000793,1
ISIC_2874706,0,0.40764686465263367,0
ISIC_0455262,0,0.0032469804864376783,0
ISIC_4742279,0,7.791991083649918e-05,0
ISIC_1271536,0,0.0021777867805212736,0
ISIC_4932813,0,0.0088165532797575,0
ISIC_5239966,0,0.11734391003847122,0
ISIC_9502863,0,2.330155268737144e-07,0
ISIC_0666481,0,0.8020045757293701,1
ISIC_4799881,0,0.4299338459968567,0
ISIC_7001584,0,0.1597098708152771,0
ISIC_9257356,0,2.2733991045242874e-06,0
ISIC_5058120,0,0.12797410786151886,0
ISIC_7225873,0,0.0016177609795704484,0
ISIC_4768512,0,0.0006456680712290108,0
ISIC_8775674,0,0.6800306439399719,1
ISIC_5526279,0,5.6009343097684905e-05,0
ISIC_7641075,0,0.6489042639732361,1
ISIC_5636983,0,0.2311132848262787,0
ISIC_4855054,0,0.009555372409522533,0
ISIC_5033074,0,0.0009538107551634312,0
ISIC_3809051,0,0.005023163743317127,0
ISIC_0313067,0,0.5168736577033997,1
ISIC_8050538,0,0.0021741404198110104,0
ISIC_4765961,0,0.003302744124084711,0
ISIC_1896364,0,0.02148624137043953,0
ISIC_2679295,0,0.20819728076457977,0
ISIC_3597558,0,0.48950156569480896,0
ISIC_3686179,0,0.40471893548965454,0
ISIC_9725848,0,0.11301003396511078,0
ISIC_1511661,0,0.5992324352264404,1
ISIC_5802836,0,0.2739143669605255,0
ISIC_0956523,0,0.05108170956373215,0
ISIC_3581227,0,0.7022690773010254,1
ISIC_5254524,0,0.03993193805217743,0
ISIC_1640023,0,0.035512641072273254,0
ISIC_1706950,0,0.3746262192726135,0
ISIC_0175486,0,1.328650569121237e-06,0
ISIC_9331097,0,0.013192977756261826,0
ISIC_5590172,0,0.001166085246950388,0
ISIC_3436033,1,0.8927013874053955,1
ISIC_0398435,0,0.49464234709739685,0
ISIC_1642618,0,0.4366442561149597,0
ISIC_8542665,0,0.004857984371483326,0
ISIC_0153265,0,0.6440302133560181,1
ISIC_4513934,0,0.0028226503636687994,0
ISIC_5983500,1,0.8907989263534546,1
ISIC_1515543,0,0.00017035577911883593,0
ISIC_0563705,0,1.0097804988618009e-05,0
ISIC_8435125,0,0.0034518451429903507,0
ISIC_0615335,0,0.0020860189106315374,0
ISIC_9648278,0,0.8580793142318726,1
ISIC_2793989,0,0.672594428062439,1
ISIC_2574197,0,0.0009617708856239915,0
ISIC_5970659,0,0.013060841709375381,0
ISIC_0770772,0,0.001530779292806983,0
ISIC_9125216,0,0.3392103612422943,0
ISIC_4698626,0,0.005176089704036713,0
ISIC_4671056,0,0.0002069500187644735,0
ISIC_8357164,0,6.852193564554909e-06,0
ISIC_3572165,0,5.242515726422425e-06,0
ISIC_7424079,0,0.00015854697267059237,0
ISIC_0224300,0,0.7911000847816467,1
ISIC_9141065,0,0.003938780631870031,0
ISIC_9252956,0,0.001291177817620337,0
ISIC_7621899,0,0.029292697086930275,0
ISIC_3486683,0,0.7592819929122925,1
ISIC_6225303,0,0.007502658758312464,0
ISIC_8193766,0,0.0005658711306750774,0
ISIC_7010552,0,0.43489041924476624,0
ISIC_1225078,0,0.9145702123641968,1
ISIC_8793471,0,0.10372499376535416,0
ISIC_9310691,0,0.5391176342964172,1
ISIC_5011583,0,0.004690393805503845,0
ISIC_4385762,0,0.025177255272865295,0
ISIC_6347269,0,0.10521265864372253,0
ISIC_6226803,0,0.18646258115768433,0
ISIC_2051564,0,0.00011881357204401866,0
ISIC_6358752,0,0.7098824977874756,1
ISIC_4446879,0,5.463776324177161e-05,0
ISIC_9223108,0,0.385406494140625,0
ISIC_6265551,0,0.016747985035181046,0
ISIC_1712329,0,0.0006557085434906185,0
ISIC_8278688,0,2.881031650758814e-05,0
ISIC_7994337,0,5.970134225208312e-06,0
ISIC_3838310,0,0.00013724557356908917,0
ISIC_2400766,0,0.47016891837120056,0
ISIC_1178367,0,7.44133212720044e-05,0
ISIC_9167794,0,2.37775548157515e-05,0
ISIC_2654197,0,0.004101800266653299,0
ISIC_2957069,0,0.031899113208055496,0
ISIC_3572458,0,0.000622592109721154,0
ISIC_0686467,0,0.011926653794944286,0
ISIC_8269660,0,3.518551602610387e-05,0
ISIC_6619411,0,0.0006763112614862621,0
ISIC_4984688,0,0.13319064676761627,0
ISIC_5546181,0,0.7669205665588379,1
ISIC_5660197,0,0.19779226183891296,0
ISIC_3875612,0,2.971711910504382e-05,0
ISIC_2450135,0,0.21127398312091827,0
ISIC_1924898,0,0.011952602304518223,0
ISIC_5964676,0,0.2435467392206192,0
ISIC_6370792,0,0.13666464388370514,0
ISIC_4212457,0,0.003832461778074503,0
ISIC_2611118,0,3.512768307700753e-05,0
ISIC_0299520,0,0.01776132918894291,0
ISIC_1272233,0,0.0003088917874265462,0
ISIC_8878967,0,0.6204078197479248,1
ISIC_3793261,0,0.7543912529945374,1
ISIC_5924898,0,0.004392943345010281,0
ISIC_9362964,0,0.6505700945854187,1
ISIC_9239271,0,0.3107137680053711,0
ISIC_9305566,0,0.00025326956529170275,0
ISIC_4462621,0,0.030912304297089577,0
ISIC_0169687,0,0.2553354799747467,0
ISIC_6722945,0,0.603039562702179,1
ISIC_8195031,0,0.0005823663668707013,0
ISIC_5849715,0,2.4211069103330374e-05,0
ISIC_7780240,0,0.004016237799078226,0
ISIC_4569321,0,0.5838712453842163,1
ISIC_7495707,0,0.08030958473682404,0
ISIC_9198404,0,0.14711812138557434,0
ISIC_7454699,0,0.18788589537143707,0
ISIC_2188231,0,0.0012846225872635841,0
ISIC_2215276,0,0.3082289695739746,0
ISIC_8108963,0,0.7332167625427246,1
ISIC_1078527,0,0.040934622287750244,0
ISIC_6814482,0,0.010670994408428669,0
ISIC_4342416,0,0.643029510974884,1
ISIC_2000184,0,0.755082905292511,1
ISIC_7765038,0,0.3294823467731476,0
ISIC_8418506,0,0.06993874162435532,0
ISIC_0596607,0,0.04271874576807022,0
ISIC_7033912,0,0.0019154315814375877,0
ISIC_4457552,0,0.04721507802605629,0
ISIC_5976532,0,0.01055840216577053,0
ISIC_7690134,0,0.010709295980632305,0
ISIC_6321076,0,0.5203636884689331,1
ISIC_3296981,0,0.000511247431859374,0
ISIC_6966881,0,0.3631129562854767,0
ISIC_8886415,0,0.00020054414926562458,0
ISIC_2057184,0,0.0012277406640350819,0
ISIC_7861369,0,0.0003522367333061993,0
ISIC_3625016,0,8.813870954327285e-05,0
ISIC_4892083,0,8.756292663747445e-05,0
ISIC_4063097,0,0.13861314952373505,0
ISIC_6132442,0,0.00040766404708847404,0
ISIC_5397818,0,0.0015708055580034852,0
ISIC_3599396,0,0.05228452757000923,0
ISIC_7329684,0,0.7133183479309082,1
ISIC_6161876,0,0.013293812982738018,0
ISIC_4409067,0,0.2676072120666504,0
ISIC_6240961,0,4.8208450607489794e-05,0
ISIC_6324520,0,0.0026799121405929327,0
ISIC_2454898,0,9.881547885015607e-05,0
ISIC_1235597,0,7.56596346036531e-05,0
ISIC_7332657,0,0.13195882737636566,0
ISIC_2807162,0,0.5062019228935242,1
ISIC_9379477,0,0.01392262615263462,0
ISIC_1886719,0,0.46784546971321106,0
ISIC_6873669,0,0.1417704075574875,0
ISIC_4041169,0,0.03962572291493416,0
ISIC_7594350,0,0.07040851563215256,0
ISIC_5361778,0,1.7597974874661304e-05,0
ISIC_1841919,0,0.029192382469773293,0
ISIC_8667793,0,0.9036266803741455,1
ISIC_0876733,0,0.19696734845638275,0
ISIC_8677110,0,0.3418531119823456,0
ISIC_3093069,0,0.0001678552507655695,0
ISIC_7178615,0,0.38794559240341187,0
ISIC_0952221,0,6.031940210959874e-05,0
ISIC_4890201,0,0.019100088626146317,0
ISIC_5778330,0,0.12553325295448303,0
ISIC_7661657,0,0.04439079388976097,0
ISIC_5069715,0,0.326431006193161,0
ISIC_0218072,0,0.5584795475006104,1
ISIC_7338380,0,0.16727155447006226,0
ISIC_0164512,0,0.907066285610199,1
ISIC_5922139,0,0.014279712922871113,0
ISIC_7731445,0,0.04344571754336357,0
ISIC_9317929,0,0.004352956544607878,0
ISIC_9989082,0,0.4418163597583771,0
ISIC_3040383,0,7.306326733669266e-05,0
ISIC_5031380,0,0.005414438899606466,0
ISIC_5533997,0,0.00908992812037468,0
ISIC_0970616,0,0.9563288688659668,1
ISIC_4959114,0,0.18624679744243622,0
ISIC_4194002,0,2.6989007892552763e-05,0
ISIC_9091086,0,0.0001872063585324213,0
ISIC_3240244,0,0.5509591102600098,1
ISIC_5230282,0,0.04811058193445206,0
ISIC_3177631,0,0.326980859041214,0
ISIC_2901944,0,0.5526215434074402,1
ISIC_8745884,0,0.1261965036392212,0
ISIC_6179440,0,0.0001550330634927377,0
ISIC_6760475,0,0.2260579913854599,0
ISIC_8546599,0,0.0003744238638319075,0
ISIC_8429669,0,0.03644866496324539,0
ISIC_5369000,1,0.8877606987953186,1
ISIC_7130929,1,0.9685916304588318,1
ISIC_3629278,0,0.05434457212686539,0
ISIC_6400815,0,0.507849931716919,1
ISIC_8406262,0,0.00017449808365199715,0
ISIC_5787517,0,0.06169732287526131,0
ISIC_5303641,0,0.23648332059383392,0
ISIC_0967746,0,0.005990659352391958,0
ISIC_9151409,0,0.10955439507961273,0
ISIC_0448050,0,0.1961560696363449,0
ISIC_9898859,0,9.58090677158907e-05,0
ISIC_7515463,0,0.33880773186683655,0
ISIC_5419475,0,7.986020500538871e-05,0
ISIC_1152559,0,0.003959175664931536,0
ISIC_9367445,0,0.44260427355766296,0
ISIC_4743674,0,0.0006636119214817882,0
ISIC_8229270,0,0.46558696031570435,0
ISIC_6786759,0,0.00010934330202871934,0
ISIC_2440802,0,4.0213355532614514e-05,0
ISIC_2217230,0,2.424420199531596e-05,0
ISIC_0125706,0,0.27016007900238037,0
ISIC_5922523,0,4.632541458704509e-05,0
ISIC_9880854,0,0.7234669923782349,1
ISIC_9664610,0,0.00033441372215747833,0
ISIC_1881268,0,0.14957280457019806,0
ISIC_9493256,0,0.001057771616615355,0
ISIC_4963111,0,0.25769689679145813,0
ISIC_8587822,0,0.7849564552307129,1
ISIC_0901472,0,0.7691786289215088,1
ISIC_7634099,0,0.7835063338279724,1
ISIC_6072777,0,0.5330020785331726,1
ISIC_3789239,0,0.03168905898928642,0
ISIC_1209492,0,0.0022241114638745785,0
ISIC_4718884,0,0.8338966965675354,1
ISIC_1690665,0,0.5358734726905823,1
ISIC_1059147,0,0.6149489879608154,1
ISIC_6910922,0,9.056890348801971e-07,0
ISIC_7335785,0,0.00030016270466148853,0
ISIC_7739486,0,0.0021926630288362503,0
ISIC_4163143,0,1.3531819604395423e-05,0
ISIC_4853597,0,0.5034622550010681,1
ISIC_3485482,0,0.4529411196708679,0
ISIC_4375862,0,3.371146522113122e-05,0
ISIC_8838315,0,0.0002555438259150833,0
ISIC_1671258,0,0.22890841960906982,0
ISIC_9126343,0,2.20113288378343e-05,0
ISIC_5754554,0,0.4511021375656128,0
ISIC_9994122,0,0.4853969216346741,0
ISIC_1698942,1,0.9341234564781189,1
ISIC_4347596,0,0.025461982935667038,0
ISIC_9754386,0,0.0004314107936806977,0
ISIC_2319122,0,0.11746081709861755,0
ISIC_8981166,0,0.01849881187081337,0
ISIC_1758149,0,0.00018984735652338713,0
ISIC_6475895,0,4.748721494252095e-06,0
ISIC_8361956,0,6.402329745469615e-05,0
ISIC_8670477,0,0.00042406964348629117,0
ISIC_9002603,0,0.676773190498352,1
ISIC_3964848,0,0.7229734063148499,1
ISIC_5207050,0,0.07030808925628662,0
ISIC_1265381,0,0.00012084560876246542,0
ISIC_6413890,0,0.11757155507802963,0
ISIC_2523776,0,4.8035763029474765e-05,0
ISIC_0769469,0,0.45886024832725525,0
ISIC_6714018,0,0.43048182129859924,0
ISIC_4901633,0,0.02753918059170246,0
ISIC_1123231,0,0.00019954086747020483,0
ISIC_2210513,0,0.00018591315892990679,0
ISIC_4869901,0,0.5185577869415283,1
ISIC_2963146,0,0.34132346510887146,0
ISIC_6531557,0,0.37874746322631836,0
ISIC_1995882,0,0.0011402826057747006,0
ISIC_4267719,0,0.0006854012026451528,0
ISIC_6473446,0,0.01585441268980503,0
ISIC_0820729,0,0.003283884609118104,0
ISIC_6294069,0,1.6377049178117886e-05,0
ISIC_5327271,0,0.1977079063653946,0
ISIC_9250898,0,5.0986789574380964e-05,0
ISIC_8179776,0,0.06907801330089569,0
ISIC_1982295,0,0.022208891808986664,0
ISIC_2980578,0,0.025948865339159966,0
ISIC_5289926,0,0.2874760031700134,0
ISIC_9150236,0,1.0855363143491559e-05,0
ISIC_8259527,0,0.023541705682873726,0
ISIC_0506617,0,0.06244010105729103,0
ISIC_8143299,0,0.005483394488692284,0
ISIC_5407528,0,7.686287426622584e-05,0
ISIC_9115855,0,2.2640761017100886e-05,0
ISIC_3721357,0,0.17063859105110168,0
ISIC_4871998,0,0.8779534101486206,1
ISIC_0855990,0,0.08589384704828262,0
ISIC_0655722,0,0.7339897155761719,1
ISIC_8156101,0,0.00031110484269447625,0
ISIC_3272946,0,0.007586117833852768,0
ISIC_9828451,0,0.8729344606399536,1
ISIC_2095143,0,0.4498748779296875,0
ISIC_1780675,0,4.483926386456005e-05,0
ISIC_3368733,0,0.002272061537951231,0
ISIC_6934334,0,0.6154828667640686,1
ISIC_1565384,0,0.1448010951280594,0
ISIC_9987808,0,0.0007579062366858125,0
ISIC_8931198,0,0.15898360311985016,0
ISIC_8653964,0,0.10372601449489594,0
ISIC_6525194,0,0.00027366215363144875,0
ISIC_0225245,0,0.1134546622633934,0
ISIC_6509682,1,0.6600281596183777,1
ISIC_7727974,0,0.00026811144198291004,0
ISIC_3086038,0,0.0017323780339211226,0
ISIC_0740862,0,0.0850808322429657,0
ISIC_4762906,0,0.002411086577922106,0
ISIC_4312047,0,0.025491314008831978,0
ISIC_9478517,0,0.0011712427949532866,0
ISIC_2415030,0,0.0020493397023528814,0
ISIC_8855269,0,0.001839345321059227,0
ISIC_5357975,0,0.00220185867510736,0
ISIC_6533561,0,0.30637410283088684,0
ISIC_9278100,0,0.0009904182516038418,0
ISIC_4607215,0,0.002425199141725898,0
ISIC_6380209,0,0.002274485072121024,0
ISIC_8275353,0,9.834320371737704e-05,0
ISIC_7866488,0,0.8008677363395691,1
ISIC_7893482,0,0.33497148752212524,0
ISIC_4604893,0,0.7682093381881714,1
ISIC_5950144,0,0.2505256235599518,0
ISIC_4772008,0,0.8975828289985657,1
ISIC_8182002,0,0.0009885262697935104,0
ISIC_4555795,0,0.08078952133655548,0
ISIC_0597158,0,2.2030837499187328e-05,0
ISIC_7402087,0,0.00029493600595742464,0
ISIC_4154608,0,4.22382727265358e-05,0
ISIC_8575776,0,0.1909152865409851,0
ISIC_2299862,0,0.0003178910119459033,0
ISIC_9336382,0,8.244014316005632e-05,0
ISIC_2645159,0,0.010114229284226894,0
ISIC_9229373,0,0.6639336347579956,1
ISIC_2526800,0,0.37737029790878296,0
ISIC_0956562,0,8.796225301921368e-06,0
ISIC_0470731,0,0.5286980867385864,1
ISIC_4189297,0,0.13802248239517212,0
ISIC_9103798,0,0.12663882970809937,0
ISIC_5891278,0,0.6708425879478455,1
ISIC_6379790,0,6.401810969691724e-05,0
ISIC_1627111,0,0.3778466284275055,0
ISIC_7287952,0,0.5440636873245239,1
ISIC_7321960,0,0.06800297647714615,0
ISIC_9401187,0,0.04022957384586334,0
ISIC_7708255,0,0.35455456376075745,0
ISIC_3671424,0,0.1792585700750351,0
ISIC_7672758,0,0.18827085196971893,0
ISIC_1198929,0,0.0004567541473079473,0
ISIC_7032718,0,0.021739482879638672,0
ISIC_5660472,0,2.6722088932729093e-06,0
ISIC_9469284,0,0.265879362821579,0
ISIC_7229261,0,0.6093037128448486,1
ISIC_1960067,0,0.853954017162323,1
ISIC_0188955,0,0.1385253369808197,0
ISIC_1376528,0,0.040515366941690445,0
ISIC_6054420,0,0.4741363525390625,0
ISIC_0268557,0,0.44402024149894714,0
ISIC_3832316,0,0.9304651021957397,1
ISIC_0851556,0,0.9915037751197815,1
ISIC_2117210,0,0.00017336402379442006,0
ISIC_8478787,0,0.8670610785484314,1
ISIC_7587869,0,0.7446256279945374,1
ISIC_2277876,0,2.072802317343303e-06,0
ISIC_5555140,0,0.0014255403075367212,0
ISIC_3118435,0,0.07549023628234863,0
ISIC_1617896,0,0.0006812645588070154,0
ISIC_9758861,0,2.4573970222263597e-05,0
ISIC_3509250,0,1.1651583008642774e-05,0
ISIC_9977580,0,0.12073900550603867,0
ISIC_1120241,0,0.013703867793083191,0
ISIC_8702191,0,0.2348349541425705,0
ISIC_6446753,0,0.2969883978366852,0
ISIC_0230169,0,0.00018349915626458824,0
ISIC_1266447,0,0.001157110440544784,0
ISIC_3052675,0,0.00013810480595566332,0
ISIC_0714147,0,0.39598649740219116,0
ISIC_1733714,0,0.08100884407758713,0
ISIC_9217917,0,0.500100314617157,1
ISIC_1336572,0,0.8964738845825195,1
ISIC_0168418,0,0.5357898473739624,1
ISIC_9104843,0,3.2605989872536156e-06,0
ISIC_2562444,0,0.38673868775367737,0
ISIC_9576385,0,2.2510469932512933e-08,0
ISIC_3989566,0,0.03431243821978569,0
ISIC_1302281,0,0.005722961854189634,0
ISIC_5143786,0,0.6871515512466431,1
ISIC_0925310,0,0.5499044060707092,1
ISIC_7104307,0,0.4127122163772583,0
ISIC_1271157,0,1.688715747150127e-05,0
ISIC_9090761,0,0.019954314455389977,0
ISIC_3204621,0,0.9822632670402527,1
ISIC_4933150,0,0.5974212288856506,1
ISIC_7672895,0,0.6131190657615662,1
ISIC_5001317,0,0.09595991671085358,0
ISIC_4810142,1,0.9040746688842773,1
ISIC_3726512,0,0.001176300342194736,0
ISIC_5463880,0,0.33894211053848267,0
ISIC_5309101,0,0.00045389169827103615,0
ISIC_6888864,0,0.43245232105255127,0
ISIC_0944753,0,5.00402893521823e-06,0
ISIC_3144156,0,0.014312254264950752,0
ISIC_4889332,0,0.032827336341142654,0
ISIC_1136589,0,0.6969588398933411,1
ISIC_9683937,0,0.560436487197876,1
ISIC_3610783,0,0.8392527103424072,1
ISIC_5580000,0,0.06581111252307892,0
ISIC_0159782,0,0.003535452764481306,0
ISIC_0999642,0,0.0008347580442205071,0
ISIC_3735143,0,0.0010208027670159936,0
ISIC_2780413,0,0.049183815717697144,0
ISIC_6642886,0,0.28576526045799255,0
ISIC_6444989,0,0.0036352663300931454,0
ISIC_8894305,0,0.011228249408304691,0
ISIC_5588509,0,0.009054870344698429,0
ISIC_2021296,0,0.8297640085220337,1
ISIC_5509691,0,0.33024007081985474,0
ISIC_2332858,0,0.40650174021720886,0
ISIC_4851979,0,0.10459024459123611,0
ISIC_4698457,0,0.0022841838654130697,0
ISIC_3756374,0,0.006692070979624987,0
ISIC_4731791,0,0.09403875470161438,0
ISIC_1470271,0,0.21022802591323853,0
ISIC_1566101,0,0.06911753118038177,0
ISIC_2592814,0,0.0026995274238288403,0
ISIC_0281291,0,1.5747215002193116e-05,0
ISIC_1216698,0,0.29434117674827576,0
ISIC_0574925,0,0.0061597987078130245,0
ISIC_6320017,0,0.0976656973361969,0
ISIC_7168151,0,0.00025449125678278506,0
ISIC_8822331,0,0.008457403630018234,0
ISIC_9313851,0,0.0035840976051986217,0
ISIC_9067033,0,0.5137235522270203,1
ISIC_2211337,0,0.2844083309173584,0
ISIC_3221297,0,0.007989811711013317,0
ISIC_0200204,0,1.6555736692680512e-06,0
ISIC_1142962,0,0.00010213016503257677,0
ISIC_8430002,0,0.4318144619464874,0
ISIC_3478437,0,0.002242492279037833,0
ISIC_0231167,0,9.52022455749102e-05,0
ISIC_5783440,0,0.00013682378630619496,0
ISIC_3235868,0,0.0011867275461554527,0
ISIC_3517816,0,0.0001876969909062609,0
ISIC_1285203,0,0.007123869843780994,0
ISIC_8487328,0,0.047174300998449326,0
ISIC_5619062,0,3.070058301091194e-05,0
ISIC_7534226,0,0.7877156734466553,1
ISIC_8072819,0,0.015864163637161255,0
ISIC_6222956,0,0.939908504486084,1
ISIC_6151555,0,2.6098668968188576e-06,0
ISIC_5099324,0,0.02840648591518402,0
ISIC_9412119,0,0.9251033663749695,1
ISIC_7228822,0,0.013245063833892345,0
ISIC_9586758,0,0.5560885667800903,1
ISIC_5257429,0,0.2538256049156189,0
ISIC_9048145,0,0.00034824651083908975,0
ISIC_5923703,0,0.8727490305900574,1
ISIC_6918302,0,0.5890945196151733,1
ISIC_7643603,0,0.0005173671524971724,0
ISIC_4917748,0,0.00013320936704985797,0
ISIC_7733890,0,4.3525251385290176e-05,0
ISIC_7585436,0,0.03736267238855362,0
ISIC_3200264,0,0.34735119342803955,0
ISIC_5828564,0,0.0044515798799693584,0
ISIC_0458561,0,0.8339947462081909,1
ISIC_0704859,0,0.7872772812843323,1
ISIC_5980105,0,0.4379219114780426,0
ISIC_9718957,0,0.004352557472884655,0
ISIC_6192108,0,0.8023466467857361,1
ISIC_1044129,0,0.010489452630281448,0
ISIC_4536012,0,0.43530574440956116,0
ISIC_1445957,0,0.0005173111567273736,0
ISIC_0234146,0,0.001324040931649506,0
ISIC_6090770,0,0.0007250381167978048,0
ISIC_5859812,0,0.3151278793811798,0
ISIC_5484270,0,0.45752978324890137,0
ISIC_7575857,0,0.014070551842451096,0
ISIC_3821630,0,0.028893616050481796,0
ISIC_8077342,0,0.0002980351564474404,0
ISIC_5196516,0,0.0013185744173824787,0
ISIC_7441567,0,0.01019489299505949,0
ISIC_2363669,0,0.13339923322200775,0
ISIC_6689310,0,0.33944109082221985,0
ISIC_3306135,0,0.8672771453857422,1
ISIC_9909722,0,0.008838729001581669,0
ISIC_4134237,0,0.060006726533174515,0
ISIC_1300967,0,0.0025373634416610003,0
ISIC_2638179,0,0.00019990462169516832,0
ISIC_7760219,0,0.3176995813846588,0
ISIC_2502558,0,0.0010155810741707683,0
ISIC_0316656,0,0.5959723591804504,1
ISIC_0687823,0,0.38646191358566284,0
ISIC_5414133,0,0.19276191294193268,0
ISIC_7807526,0,0.06780807673931122,0
ISIC_0682795,0,0.032278262078762054,0
ISIC_1265609,0,0.1805812567472458,0
ISIC_1411366,0,0.16893965005874634,0
ISIC_1482167,0,0.34408608078956604,0
ISIC_2033046,0,0.0014416539343073964,0
ISIC_0653785,0,0.5340894460678101,1
ISIC_5583917,0,0.004390211775898933,0
ISIC_7618133,0,0.3595329821109772,0
ISIC_6534346,0,0.02662111259996891,0
ISIC_6043051,0,4.565134076983668e-06,0
ISIC_2007691,0,0.006453646346926689,0
ISIC_5789952,0,0.4414462447166443,0
ISIC_8456275,0,0.07826121896505356,0
ISIC_5905077,0,0.0005839836085215211,0
ISIC_4147166,0,0.3157122731208801,0
ISIC_1333230,0,0.00290104653686285,0
ISIC_0571637,0,0.07844075560569763,0
ISIC_1837089,0,1.6270552805508487e-05,0
ISIC_2818474,0,5.605877231573686e-05,0
ISIC_4543887,0,0.00045177957508713007,0
ISIC_6553768,0,0.00037051268736831844,0
ISIC_1883160,0,0.08405647426843643,0
ISIC_0170008,0,0.2769955098628998,0
ISIC_0681666,0,0.008087045513093472,0
ISIC_9974166,0,0.5341423153877258,1
ISIC_8739533,0,0.8045176863670349,1
ISIC_6515697,0,0.9313384294509888,1
ISIC_3218245,0,0.4442214071750641,0
ISIC_4108473,0,0.7508627772331238,1
ISIC_5475765,0,0.6866083741188049,1
ISIC_1794249,0,2.559350832598284e-06,0
ISIC_6654875,0,0.8371105790138245,1
ISIC_6613239,0,0.014741669408977032,0
ISIC_2771979,0,0.027115240693092346,0
ISIC_1577876,0,0.818392813205719,1
ISIC_2467125,0,0.0004407608648762107,0
ISIC_3530422,0,6.380252671078779e-06,0
ISIC_3385497,0,0.0010339125292375684,0
ISIC_8570555,0,0.001294690533541143,0
ISIC_6032456,0,0.3625483810901642,0
ISIC_9064823,0,0.41296252608299255,0
ISIC_6560677,0,0.014548733830451965,0
ISIC_3182075,0,0.054115816950798035,0
ISIC_0872477,0,0.0006718763033859432,0
ISIC_9766238,0,0.001113006379455328,0
ISIC_0489267,1,0.40564167499542236,0
ISIC_3368599,0,0.9489642977714539,1
ISIC_7975248,0,1.1346021892677527e-05,0
ISIC_8446301,0,0.018200909718871117,0
ISIC_7164527,0,0.7878105044364929,1
ISIC_4368411,0,0.015915298834443092,0
ISIC_5221917,0,8.686998285156733e-07,0
ISIC_4387517,0,0.0009546885266900063,0
ISIC_3440759,1,0.7357614040374756,1
ISIC_1704026,0,0.7872191667556763,1
ISIC_5314534,0,0.9463526606559753,1
ISIC_5148638,0,0.3653392493724823,0
ISIC_2441708,0,0.2574995756149292,0
ISIC_5991112,0,0.0005183545872569084,0
ISIC_2673511,0,0.3817315101623535,0
ISIC_9077107,0,7.977944915182889e-05,0
ISIC_1985569,0,0.023902321234345436,0
ISIC_9782457,0,0.2969253659248352,0
ISIC_7342658,0,0.26131027936935425,0
ISIC_6322207,0,0.9618872404098511,1
ISIC_5569766,0,0.0002766467514447868,0
ISIC_5798331,0,0.31763580441474915,0
ISIC_6910060,0,0.005223677959293127,0
ISIC_5716262,0,0.0606594979763031,0
ISIC_1338069,0,0.6227232813835144,1
ISIC_1151910,0,0.5838424563407898,1
ISIC_9006160,0,0.46356287598609924,0
ISIC_7547058,0,0.6301546096801758,1
ISIC_4182214,0,0.0011315294541418552,0
ISIC_8558194,0,0.0024001444689929485,0
ISIC_7866682,0,0.0003008941712323576,0
ISIC_4627335,0,0.00029178702970966697,0
ISIC_4026808,0,0.00022399354202207178,0
ISIC_5483243,0,0.8694769144058228,1
ISIC_8943978,0,0.0052919709123671055,0
ISIC_1171426,0,0.0002465485886204988,0
ISIC_4521482,0,0.0001961450616363436,0
ISIC_7120223,0,0.005030367989093065,0
ISIC_5632905,0,0.8049355745315552,1
ISIC_4345015,0,0.3520638942718506,0
ISIC_0638468,0,0.9307219386100769,1
ISIC_5307900,0,0.03230969235301018,0
ISIC_3380750,0,0.40638551115989685,0
ISIC_5789575,0,0.0002436304494040087,0
ISIC_9723532,0,0.0013842665357515216,0
ISIC_0685898,0,0.0967659205198288,0
ISIC_5896464,0,0.01681777834892273,0
ISIC_1107381,0,0.30338162183761597,0
ISIC_0538711,0,0.0032997867092490196,0
ISIC_0311853,0,0.0012419985141605139,0
ISIC_3020913,0,4.715219347417587e-06,0
ISIC_1793200,0,0.9409100413322449,1
ISIC_8252558,0,0.7204218506813049,1
ISIC_4311544,0,0.9423625469207764,1
ISIC_5521289,0,0.5505510568618774,1
ISIC_4961543,0,0.6692422032356262,1
ISIC_8012500,0,0.5116612911224365,1
ISIC_2580891,0,0.005118262954056263,0
ISIC_1253227,0,0.4659018814563751,0
ISIC_7753163,0,0.02600555121898651,0
ISIC_3179478,0,0.011330295354127884,0
ISIC_8606969,0,0.07572227716445923,0
ISIC_3743409,0,5.4828793508931994e-05,0
ISIC_9596146,0,0.017529722303152084,0
ISIC_0693968,0,0.18701982498168945,0
ISIC_9989641,0,0.7916362285614014,1
ISIC_5410400,0,0.0021084744948893785,0
ISIC_6019120,0,0.6676164269447327,1
ISIC_9825836,0,0.06646423786878586,0
ISIC_8732757,1,0.8655684590339661,1
ISIC_7327087,0,0.13302984833717346,0
ISIC_8051628,0,0.07276015728712082,0
ISIC_1315424,0,0.36254480481147766,0
ISIC_2355832,0,4.7884190280456096e-05,0
ISIC_3992201,0,0.6352821588516235,1
ISIC_6618652,0,0.000711880624294281,0
ISIC_9856321,0,0.5108449459075928,1
ISIC_8961820,0,9.656678594183177e-05,0
ISIC_9281339,0,0.9394323825836182,1
ISIC_6832732,0,0.0063088261522352695,0
ISIC_6641007,0,0.8038761615753174,1
ISIC_2122585,0,0.08295238763093948,0
ISIC_2850769,0,0.0520629957318306,0
ISIC_2876194,0,0.24167481064796448,0
ISIC_4798962,0,0.7487907409667969,1
ISIC_9921831,0,0.02381080389022827,0
ISIC_0702317,0,0.9897509217262268,1
ISIC_6100064,0,0.009510030969977379,0
ISIC_8194272,0,0.0007980276714079082,0
ISIC_9031030,0,8.817375783110037e-05,0
ISIC_7973601,0,0.0023471652530133724,0
ISIC_0844312,1,0.8844119310379028,1
ISIC_3598123,0,0.0013215465005487204,0
ISIC_0402533,0,0.04689774662256241,0
ISIC_2091698,0,8.534886001143605e-05,0
ISIC_2479388,0,0.6730157136917114,1
ISIC_6282793,0,0.2473704218864441,0
ISIC_3552318,0,0.00033981792512349784,0
ISIC_8323234,0,0.0010274930391460657,0
ISIC_1727542,0,0.7607614398002625,1
ISIC_2266369,0,0.7198812961578369,1
ISIC_7892855,0,0.07430694252252579,0
ISIC_9299721,0,0.0016096377512440085,0
ISIC_5648155,0,0.0007271133363246918,0
ISIC_6974432,0,0.8577429056167603,1
ISIC_9298083,0,0.0013528576819226146,0
ISIC_7582765,0,0.00334353419020772,0
ISIC_8602467,0,0.7963140606880188,1
ISIC_9205063,0,0.8741830587387085,1
ISIC_8651765,0,7.969175385369454e-06,0
ISIC_7743505,0,0.480175256729126,0
ISIC_2623016,0,0.16214442253112793,0
ISIC_3114154,0,0.13001561164855957,0
ISIC_6771919,0,0.00010781808668980375,0
ISIC_2828236,0,6.233772728592157e-05,0
ISIC_5005253,0,3.06091969832778e-05,0
ISIC_6425888,0,0.8923150300979614,1
ISIC_2985322,0,0.6681086421012878,1
ISIC_9901847,0,0.17823868989944458,0
ISIC_3481617,0,0.0036830254830420017,0
ISIC_5402327,0,0.01758762262761593,0
ISIC_7223327,0,0.4494498670101166,0
ISIC_4545751,0,0.6449344158172607,1
ISIC_5734294,0,0.41876012086868286,0
ISIC_4160574,0,0.0018976208521053195,0
ISIC_6057892,0,0.48928213119506836,0
ISIC_2897249,0,0.011602806858718395,0
ISIC_5069688,0,0.1753564327955246,0
ISIC_5647697,0,0.6411681175231934,1
ISIC_7704533,0,0.46302536129951477,0
ISIC_4900923,0,0.0010502352379262447,0
ISIC_7566403,0,0.00019476893066894263,0
ISIC_7402256,0,0.17947760224342346,0
ISIC_1581376,0,0.33000656962394714,0
ISIC_0781315,0,0.007804309017956257,0
ISIC_1216201,0,0.001168044633232057,0
ISIC_7443391,0,0.006952955387532711,0
ISIC_1643439,0,0.5463292002677917,1
ISIC_0639140,0,0.00010447381646372378,0
ISIC_0513207,0,0.7449459433555603,1
ISIC_5377819,0,0.895203173160553,1
ISIC_4511511,0,5.448775118566118e-05,0
ISIC_8965504,0,5.077743480796926e-06,0
ISIC_5615694,0,4.6496654249494895e-05,0
ISIC_5617604,0,0.25912562012672424,0
ISIC_1777292,0,7.651894702576101e-05,0
ISIC_4653167,0,0.4573499858379364,0
ISIC_2524113,0,0.005710104946047068,0
ISIC_8041078,0,0.8356863856315613,1
ISIC_5446957,0,0.6792119145393372,1
ISIC_1328417,0,0.9159500002861023,1
ISIC_7356472,0,0.054374463856220245,0
ISIC_7447716,0,0.041445937007665634,0
ISIC_9078100,0,3.2258838473353535e-05,0
ISIC_6432672,0,0.0038774972781538963,0
ISIC_9011777,0,0.0025448508094996214,0
ISIC_8830761,0,2.6245223125442863e-05,0
ISIC_5909643,0,0.8106805682182312,1
ISIC_1399694,0,0.004328886978328228,0
ISIC_8690825,0,0.3756439983844757,0
ISIC_4463660,0,0.2959539294242859,0
ISIC_7107941,0,0.10193545371294022,0
ISIC_4022642,0,0.8006259202957153,1
ISIC_3202083,0,0.0004215184017084539,0
ISIC_7779225,0,0.001748397247865796,0
ISIC_7511557,0,0.01899627596139908,0
ISIC_2006424,0,6.5533799897821154e-06,0
ISIC_2537583,0,0.023374469950795174,0
ISIC_9971280,0,0.00013127177953720093,0
ISIC_8109217,0,0.7287870049476624,1
ISIC_0680023,0,0.017354194074869156,0
ISIC_5971697,0,2.7830921681015752e-05,0
ISIC_4973831,0,0.6338204741477966,1
ISIC_4658487,0,1.247387899638852e-06,0
ISIC_1833122,0,0.027958961203694344,0
ISIC_7205378,0,0.00010578394721960649,0
ISIC_8007849,0,0.157766655087471,0
ISIC_0189059,0,0.9379285573959351,1
ISIC_5889165,0,0.00012371338380035013,0
ISIC_4346693,1,0.19363170862197876,0
ISIC_7046888,0,0.8417838215827942,1
ISIC_7629997,0,0.000834603444673121,0
ISIC_7322169,0,0.00555690610781312,0
ISIC_1831304,0,0.5454807877540588,1
ISIC_3510004,0,0.04628252983093262,0
ISIC_1116483,1,0.7227839231491089,1
ISIC_7086611,0,3.851435030810535e-05,0
ISIC_5307086,0,0.8619410991668701,1
ISIC_2660535,0,0.0037460932508111,0
ISIC_8986880,0,0.9465524554252625,1
ISIC_5388493,0,0.12559360265731812,0
ISIC_7091750,0,0.01686769537627697,0
ISIC_4986485,0,0.6519391536712646,1
ISIC_9876779,0,0.5073909759521484,1
ISIC_5783861,0,0.4137803018093109,0
ISIC_6058687,0,0.00010082479275297374,0
ISIC_6852281,0,0.4465983211994171,0
ISIC_3904628,0,0.0006717267679050565,0
ISIC_3085084,0,0.01843719184398651,0
ISIC_4523238,1,0.6090450882911682,1
ISIC_9440209,0,0.32262134552001953,0
ISIC_2334293,0,8.721476478967816e-05,0
ISIC_3349007,0,0.0009556554723531008,0
ISIC_7394293,0,0.002157321199774742,0
ISIC_2273490,0,0.00012750615132972598,0
ISIC_2337786,0,0.7099795937538147,1
ISIC_7264813,0,0.0011174881365150213,0
ISIC_4460849,0,3.048609141842462e-05,0
ISIC_2108425,0,0.9912959337234497,1
ISIC_5046340,0,0.0015404929872602224,0
ISIC_8167414,0,0.42091822624206543,0
ISIC_9979486,0,5.9606583818094805e-05,0
ISIC_8577970,0,0.008022976107895374,0
ISIC_9642076,0,0.5583550930023193,1
ISIC_3209363,0,7.296302555914735e-06,0
ISIC_3128860,0,0.5598401427268982,1
ISIC_5698006,0,0.31630000472068787,0
ISIC_0412659,0,0.0001259389246115461,0
ISIC_6499712,0,0.7070876955986023,1
ISIC_4068608,0,0.21399681270122528,0
ISIC_3717183,0,0.9045181274414062,1
ISIC_5307523,0,0.7806198596954346,1
ISIC_4671324,0,0.002120206132531166,0
ISIC_3975607,0,2.636555836943444e-05,0
ISIC_7880793,0,0.15115520358085632,0
ISIC_4149144,0,0.4803701639175415,0
ISIC_5312584,0,0.44769155979156494,0
ISIC_6241604,0,0.02944827638566494,0
ISIC_3573323,0,0.001092942082323134,0
ISIC_1166491,0,0.03145156428217888,0
ISIC_3704694,0,0.0002634153061080724,0
ISIC_4594429,0,0.005073632579296827,0
ISIC_7727347,0,0.3366675078868866,0
ISIC_2002605,0,0.40876132249832153,0
ISIC_6306658,0,0.0024339049123227596,0
ISIC_4435840,0,0.5416791439056396,1
ISIC_4897852,0,0.00010934351303149015,0
ISIC_5538169,0,0.8383248448371887,1
ISIC_2043857,0,0.0034436138812452555,0
ISIC_8001346,0,1.3825447240378708e-05,0
ISIC_2776151,0,0.831535279750824,1
ISIC_9753368,0,0.42952293157577515,0
ISIC_6204970,0,0.3140062987804413,0
ISIC_7421719,0,0.03386228159070015,0
ISIC_8424190,0,0.0560726635158062,0
ISIC_7816367,0,0.016914470121264458,0
ISIC_2778855,0,0.2526385188102722,0
ISIC_8659618,0,0.00010980198567267507,0
ISIC_8334299,0,0.7766631245613098,1
ISIC_4515826,0,0.657380223274231,1
ISIC_8647334,0,2.6675197659642436e-05,0
ISIC_9041897,0,0.0005667484947480261,0
ISIC_4943389,0,0.33880019187927246,0
ISIC_4827954,0,7.9845955269775e-07,0
ISIC_6460137,0,1.2899114153697155e-05,0
ISIC_8513112,0,0.0245403703302145,0
ISIC_6125014,0,0.5664432048797607,1
ISIC_4407617,0,0.5420105457305908,1
ISIC_4134969,0,0.10778781026601791,0
ISIC_8417739,0,0.0007002241327427328,0
ISIC_7716941,0,0.29466283321380615,0
ISIC_1927858,0,0.1141933873295784,0
ISIC_5081382,0,0.011440050788223743,0
ISIC_0522926,0,0.03436971828341484,0
ISIC_2948780,0,0.10683880001306534,0
ISIC_6369963,0,9.465305629419163e-05,0
ISIC_0906613,0,0.09780750423669815,0
ISIC_6757635,0,0.022322218865156174,0
ISIC_7009118,0,0.6683334112167358,1
ISIC_0680210,0,0.004866696894168854,0
ISIC_4151356,0,0.000497749075293541,0
ISIC_9160772,0,0.060251712799072266,0
ISIC_0457385,0,0.05987072363495827,0
ISIC_6982406,0,0.9034200310707092,1
ISIC_3215316,0,0.3724658191204071,0
ISIC_7376684,0,0.0013942543882876635,0
ISIC_4282634,0,0.6993441581726074,1
ISIC_8881137,0,0.00174352724570781,0
ISIC_7006530,0,0.02299770712852478,0
ISIC_5778476,0,0.0005875088390894234,0
ISIC_1175215,0,0.0010915077291429043,0
ISIC_8645104,0,0.06069539859890938,0
ISIC_5194334,0,0.00995311327278614,0
ISIC_7533216,0,0.290762722492218,0
ISIC_1836914,0,0.006759841460734606,0
ISIC_2752607,0,3.984833165304735e-05,0
ISIC_5057452,0,0.6885936260223389,1
ISIC_4530249,0,0.15868423879146576,0
ISIC_2676685,0,0.9485860466957092,1
ISIC_5469457,0,0.8964378237724304,1
ISIC_0351666,1,0.862443208694458,1
ISIC_0350663,0,0.0013283720472827554,0
ISIC_2714069,0,0.031210854649543762,0
ISIC_4401524,0,0.025239329785108566,0
ISIC_1334006,0,0.0851694718003273,0
ISIC_1228845,0,0.250705361366272,0
ISIC_8229307,0,0.020836174488067627,0
ISIC_0180194,0,0.011488030664622784,0
ISIC_6778251,0,0.1024203822016716,0
ISIC_7171657,0,0.20918609201908112,0
ISIC_6096669,0,1.2154908290540334e-05,0
ISIC_7053767,0,0.6474114656448364,1
ISIC_1559422,0,9.48644992604386e-06,0
ISIC_3091457,0,0.03922499716281891,0
ISIC_5314191,0,0.000468870741315186,0
ISIC_6296099,0,0.45885831117630005,0
ISIC_0176577,0,0.0014069249154999852,0
ISIC_7798048,0,0.00030220317421481013,0
ISIC_8961839,0,3.428410991546116e-06,0
ISIC_5235744,0,0.7875490188598633,1
ISIC_4803231,0,0.42984986305236816,0
ISIC_1179160,0,0.012571540661156178,0
ISIC_3264124,0,0.25904759764671326,0
ISIC_6346012,0,0.0020532773341983557,0
ISIC_0760168,0,0.01833389513194561,0
ISIC_1365061,0,2.2622609776590252e-06,0
ISIC_6443700,0,0.021541308611631393,0
ISIC_6982386,1,0.2835209369659424,0
ISIC_2162118,0,0.0013402079930528998,0
ISIC_1002473,0,0.333909809589386,0
ISIC_8452718,0,0.5368707776069641,1
ISIC_7024562,0,0.8603059649467468,1
ISIC_4190706,0,0.00011505343718454242,0
ISIC_9696502,0,0.5219398140907288,1
ISIC_7023656,0,0.00792203564196825,0
ISIC_6563363,0,0.0035375955048948526,0
ISIC_2593795,0,0.8897988200187683,1
ISIC_3962218,0,0.4589356780052185,0
ISIC_4751661,0,0.0098335649818182,0
ISIC_6588881,0,0.011500312946736813,0
ISIC_6424987,0,0.04157016798853874,0
ISIC_1838904,0,0.27147260308265686,0
ISIC_9350507,0,2.5773564630071633e-05,0
ISIC_3509283,0,0.16432632505893707,0
ISIC_1894741,0,0.43941232562065125,0
ISIC_7646866,0,0.00010554745676927269,0
ISIC_1104594,0,0.8222242593765259,1
ISIC_6098768,0,0.0019047127570956945,0
ISIC_5432777,0,0.0007860436453483999,0
ISIC_7233663,0,0.014421898871660233,0
ISIC_7452815,0,0.0012743280967697501,0
ISIC_7253878,0,9.692583262221888e-05,0
ISIC_0409172,0,0.8731061816215515,1
ISIC_0439839,0,0.4251096844673157,0
ISIC_2617427,0,0.03765854611992836,0
ISIC_9999666,0,0.40354233980178833,0
ISIC_5750329,0,0.49559199810028076,0
ISIC_6639525,0,0.00018252141308039427,0
ISIC_0618123,0,4.5010547182755545e-05,0
ISIC_2201327,0,1.4380692846316379e-05,0
ISIC_2516204,0,0.7174491882324219,1
ISIC_5075404,0,0.00012352738121990114,0
ISIC_7052038,0,0.0037225326523184776,0
ISIC_4272084,0,0.0019670750480145216,0
ISIC_7068021,0,0.07637358456850052,0
ISIC_9627932,0,0.0002316802419954911,0
ISIC_9116179,0,0.0454266294836998,0
ISIC_6966105,0,0.6034176349639893,1
ISIC_2644457,0,0.05574393644928932,0
ISIC_7256965,0,0.06858176738023758,0
ISIC_3616107,0,0.7647120356559753,1
ISIC_1072531,0,0.4373604357242584,0
ISIC_7574041,0,3.1241153919836506e-05,0
ISIC_6762061,0,0.10095704346895218,0
ISIC_5179884,0,0.04073724150657654,0
ISIC_5738587,0,0.017791802063584328,0
ISIC_5360921,0,0.5132732391357422,1
ISIC_4950290,0,0.41240131855010986,0
ISIC_0076545,0,0.9554762840270996,1
ISIC_5563693,0,0.9783681631088257,1
ISIC_7468716,0,0.05347393825650215,0
ISIC_4271108,0,0.0005450365715660155,0
ISIC_1632118,0,0.3648114502429962,0
ISIC_2601107,0,0.34130915999412537,0
ISIC_1040841,0,0.0005005946732126176,0
ISIC_2222879,0,0.000531573488842696,0
ISIC_5280199,0,0.4104316830635071,0
ISIC_4901967,0,0.000168468730407767,0
ISIC_8587396,0,0.0073522720485925674,0
ISIC_5919470,0,0.2613585889339447,0
ISIC_8260280,0,0.33669206500053406,0
ISIC_2849717,0,0.003633046057075262,0
ISIC_7092287,0,0.0005946644232608378,0
ISIC_9467125,0,0.7879139184951782,1
ISIC_5922931,0,0.030274508520960808,0
ISIC_8613613,0,0.0008869560551829636,0
ISIC_8235663,0,0.28043970465660095,0
ISIC_7688919,0,0.6832035183906555,1
ISIC_9625269,0,0.06364496797323227,0
ISIC_2426937,0,6.575462612090632e-05,0
ISIC_9492873,0,0.00010901255154749379,0
ISIC_1619011,0,0.05249476060271263,0
ISIC_1766413,0,0.9880820512771606,1
ISIC_7555347,0,0.005060139577835798,0
ISIC_2461164,0,0.6705210208892822,1
ISIC_6564818,0,0.010891853831708431,0
ISIC_2876651,0,0.00019720045384019613,0
ISIC_7951857,0,0.0001793136034393683,0
ISIC_7709611,0,0.003413597820326686,0
ISIC_6651931,0,0.0003175502351950854,0
ISIC_1456444,0,1.039607832353795e-05,0
ISIC_7791770,0,0.006538967601954937,0
ISIC_3760096,0,0.0019582784734666348,0
ISIC_8740331,0,0.0002770714636426419,0
ISIC_8452205,0,0.0005857512587681413,0
ISIC_6219909,0,0.27217796444892883,0
ISIC_6712470,0,0.021028878167271614,0
ISIC_0154813,0,7.739186571598111e-07,0
ISIC_7806612,0,0.02631499618291855,0
ISIC_2523314,0,9.76046339928871e-06,0
ISIC_9153274,0,0.6126248836517334,1
ISIC_3230630,0,0.0015658553456887603,0
ISIC_8656760,0,0.09591156989336014,0
ISIC_6064843,0,0.009654351510107517,0
ISIC_2284633,0,0.17487406730651855,0
ISIC_8019303,0,0.0006670441944152117,0
ISIC_2738992,0,0.3169495165348053,0
ISIC_3557376,0,0.0004800494061782956,0
ISIC_4616635,0,0.0003008279309142381,0
ISIC_8841886,0,0.6659654974937439,1
ISIC_9847284,0,0.09930145740509033,0
ISIC_3734674,0,0.0019053274299949408,0
ISIC_2003357,0,0.8832874298095703,1
ISIC_1154756,0,0.9838737845420837,1
ISIC_2536779,0,0.0005396429332904518,0
ISIC_2953962,0,0.39927929639816284,0
ISIC_0644964,0,0.021116802468895912,0
ISIC_2150031,0,2.3338154278462753e-05,0
ISIC_1242543,0,0.986065149307251,1
ISIC_1480119,0,0.5654926300048828,1
ISIC_5931423,0,0.10685473680496216,0
ISIC_3800541,0,0.006475992500782013,0
ISIC_6385627,0,0.008571384474635124,0
ISIC_7369896,0,0.3720298111438751,0
ISIC_5161114,0,0.9600079655647278,1
ISIC_1251364,0,0.66845703125,1
ISIC_6227942,0,0.00324084865860641,0
ISIC_3292915,0,4.509174686972983e-05,0
ISIC_1767706,0,0.039320413023233414,0
ISIC_9062530,0,0.040858279913663864,0
ISIC_3680503,0,0.28677263855934143,0
ISIC_7375608,0,0.00460920250043273,0
ISIC_4525721,0,0.010453423485159874,0
ISIC_5552652,0,0.5432025790214539,1
ISIC_3393767,0,0.03294341638684273,0
ISIC_2141486,0,0.002880412619560957,0
ISIC_9711911,0,0.2834453880786896,0
ISIC_0513013,0,0.32670533657073975,0
ISIC_3703408,0,0.41279634833335876,0
ISIC_8199467,0,0.008665218017995358,0
ISIC_9430109,0,0.0015021746512502432,0
ISIC_8716533,0,3.348161953908857e-06,0
ISIC_4830913,0,9.646204125601798e-05,0
ISIC_8504808,0,0.012516304850578308,0
ISIC_6642608,0,0.0057094525545835495,0
ISIC_9417004,0,0.0006981168990023434,0
ISIC_8814843,0,0.0009700684458948672,0
ISIC_1390784,0,0.463157057762146,0
ISIC_0856633,0,1.010053983918624e-05,0
ISIC_1541348,0,0.4855479598045349,0
ISIC_4399858,0,0.28024622797966003,0
ISIC_4131961,0,1.491448074375512e-05,0
ISIC_5281405,0,0.010034618899226189,0
ISIC_8426130,0,0.007859245873987675,0
ISIC_7452348,0,0.1658100187778473,0
ISIC_2252651,0,0.000436242698924616,0
ISIC_0771048,0,0.01915486715734005,0
ISIC_9972557,0,0.00018037112022284418,0
ISIC_5213792,0,0.07799040526151657,0
ISIC_1746861,0,0.3195970058441162,0
ISIC_9358532,0,0.0015111961401998997,0
ISIC_8936764,0,0.29905271530151367,0
ISIC_3209641,0,0.36318671703338623,0
ISIC_3701892,0,9.104498894885182e-05,0
ISIC_7885010,0,2.8957434551557526e-05,0
ISIC_3671955,0,0.9927491545677185,1
ISIC_9637306,0,0.5738658308982849,1
ISIC_8054626,0,0.9591348767280579,1
ISIC_4988671,0,2.807485725497827e-05,0
ISIC_3158962,0,4.181002441328019e-05,0
ISIC_2446704,0,0.7753505706787109,1
ISIC_4247917,0,0.4752819240093231,0
ISIC_1954217,0,0.0002248288510600105,0
ISIC_2479346,0,0.8412417769432068,1
ISIC_6841463,0,4.192101641820045e-06,0
ISIC_3096949,0,0.5566402673721313,1
ISIC_3302396,0,0.1294860541820526,0
ISIC_2434965,0,6.637714250246063e-05,0
ISIC_9041459,0,0.08541854470968246,0
ISIC_1837402,0,0.0009910473600029945,0
ISIC_0392759,0,0.01073457021266222,0
ISIC_3499223,0,1.2275302196940174e-06,0
ISIC_6200040,0,0.19671115279197693,0
ISIC_4750803,0,0.8241100311279297,1
ISIC_8603124,0,0.0003541188489180058,0
ISIC_7052158,0,0.3539157807826996,0
ISIC_9252122,0,3.074758205912076e-05,0
ISIC_6267562,0,0.1725841909646988,0
ISIC_3381158,0,0.0345689132809639,0
ISIC_0650784,0,0.34377461671829224,0
ISIC_7109582,0,0.655636191368103,1
ISIC_3224854,0,0.002835069550201297,0
ISIC_9489038,0,0.00048612558748573065,0
ISIC_1610104,0,4.6933439534768695e-07,0
ISIC_8236820,0,0.8897125720977783,1
ISIC_3667487,0,9.205549577018246e-05,0
ISIC_6688417,1,0.011963977478444576,0
ISIC_0414670,0,0.03466403856873512,0
ISIC_0280943,0,0.8021743893623352,1
ISIC_8409442,0,0.06105537340044975,0
ISIC_6255494,0,0.00011312073183944449,0
ISIC_2284769,0,0.7700654864311218,1
ISIC_1655469,0,0.6703910231590271,1
ISIC_0535920,0,0.0014967944007366896,0
ISIC_6468817,0,0.04172654077410698,0
ISIC_3946019,0,0.4843263030052185,0
ISIC_8782134,0,0.005740709602832794,0
ISIC_2507761,0,0.0002576423285063356,0
ISIC_7505557,0,0.04011228308081627,0
ISIC_8816195,0,0.5278772115707397,1
ISIC_7277310,0,0.015549464151263237,0
ISIC_3101618,0,0.0003600680793169886,0
ISIC_6985988,0,0.04680829867720604,0
ISIC_4364454,0,0.44608980417251587,0
ISIC_8828079,0,0.004998220130801201,0
ISIC_2443065,0,0.43311554193496704,0
ISIC_6024651,0,0.01045797299593687,0
ISIC_6258246,0,0.12322598695755005,0
ISIC_9824373,0,0.00883946381509304,0
ISIC_4432269,0,0.017530519515275955,0
ISIC_0494865,0,0.829434335231781,1
ISIC_3420287,0,0.01866702176630497,0
ISIC_0157530,0,0.0005915053770877421,0
ISIC_7202451,0,0.15598711371421814,0
ISIC_4379942,0,0.10769438743591309,0
ISIC_0846837,0,0.36436837911605835,0
ISIC_8902193,0,1.7327543901046738e-05,0
ISIC_2392559,0,0.00032577358069829643,0
ISIC_8591003,0,0.7674688696861267,1
ISIC_9451910,0,0.23598287999629974,0
ISIC_3296079,0,0.020463697612285614,0
ISIC_8835545,0,5.05119314766489e-05,0
ISIC_7184836,0,0.1624421626329422,0
ISIC_3125030,0,5.004994090995751e-05,0
ISIC_6191099,0,0.0476781390607357,0
ISIC_8740548,0,0.0006395280943252146,0
ISIC_4365093,0,0.0562141053378582,0
ISIC_9350601,0,0.0948370173573494,0
ISIC_5147263,0,0.03574115037918091,0
ISIC_8692155,0,0.0007458694162778556,0
ISIC_0618194,0,0.008550436235964298,0
ISIC_0497817,0,0.771649956703186,1
ISIC_1858805,0,0.0007568106520920992,0
ISIC_7928614,0,0.0005017818184569478,0
ISIC_8064837,0,0.0018446713220328093,0
ISIC_6181505,0,0.9358471035957336,1
ISIC_0700870,0,0.771614670753479,1
ISIC_1110949,0,0.26775169372558594,0
ISIC_6835115,0,0.0017613155068829656,0
ISIC_2457369,0,0.01234072633087635,0
ISIC_0414816,0,0.0007831084658391774,0
ISIC_4393733,0,0.4403327703475952,0
ISIC_1156392,0,0.9874202609062195,1
ISIC_0079038,0,0.00045858885277993977,0
ISIC_6799627,0,0.013210614211857319,0
ISIC_1486209,0,0.014470874331891537,0
ISIC_0365410,0,0.6424767971038818,1
ISIC_9279329,0,0.5115514397621155,1
ISIC_3438779,0,9.790875628823414e-05,0
ISIC_0500253,0,0.028663665056228638,0
ISIC_2220508,0,0.0026509847957640886,0
ISIC_8244932,0,0.008800358511507511,0
ISIC_5654839,0,0.008547085337340832,0
ISIC_1733108,0,0.00021223959629423916,0
ISIC_5311458,0,0.5410448908805847,1
ISIC_6583844,0,0.0002255154395243153,0
ISIC_2294843,0,0.0434725284576416,0
ISIC_2804019,0,0.05047211796045303,0
ISIC_9951949,0,0.20666955411434174,0
ISIC_2261306,0,0.8722634315490723,1
ISIC_9235996,0,0.05664535611867905,0
ISIC_8827725,0,0.9815589785575867,1
ISIC_0914168,1,0.9815717339515686,1
ISIC_4397871,0,0.00021242887305561453,0
ISIC_3975143,0,0.3864494264125824,0
ISIC_6938810,0,0.3280169367790222,0
ISIC_1117214,0,0.693103551864624,1
ISIC_4849252,0,0.00034096508170478046,0
ISIC_3843549,0,0.4187406599521637,0
ISIC_8191696,0,0.015579301863908768,0
ISIC_4856236,0,0.01391876395791769,0
ISIC_3408080,0,0.16308337450027466,0
ISIC_8260720,0,1.683334085100796e-05,0
ISIC_0815802,0,0.00010576759814284742,0
ISIC_3069307,0,0.23025831580162048,0
ISIC_3375455,0,0.0148153742775321,0
ISIC_9221004,0,0.9586646556854248,1
ISIC_9745038,0,0.0577600859105587,0
ISIC_8248707,0,0.06864851713180542,0
ISIC_7833008,0,0.2892382740974426,0
ISIC_6425608,0,0.5435454249382019,1
ISIC_1566381,0,0.4920937418937683,0
ISIC_9787058,0,0.00012906653864774853,0
ISIC_5419016,0,0.012339028529822826,0
ISIC_8969305,0,0.0029494292102754116,0
ISIC_9364643,0,0.9089977741241455,1
ISIC_4343836,0,1.0874178769881837e-05,0
ISIC_8765068,0,0.005256631877273321,0
ISIC_6460696,0,0.009588879533112049,0
ISIC_6638065,0,0.012693955563008785,0
ISIC_0740716,0,2.042781670752447e-05,0
ISIC_8451168,0,0.00012630656419787556,0
ISIC_6455907,0,0.5227623581886292,1
ISIC_5601326,0,0.5023135542869568,1
ISIC_8585374,0,5.0657425163080916e-05,0
ISIC_2788847,0,0.005891009699553251,0
ISIC_8572893,0,0.24878787994384766,0
ISIC_9117148,0,0.3215230703353882,0
ISIC_8034587,0,0.016093924641609192,0
ISIC_6289684,0,0.8322375416755676,1
ISIC_9855719,0,0.5298535227775574,1
ISIC_9919255,0,0.7335880994796753,1
ISIC_6992267,0,0.6026111841201782,1
ISIC_9061345,0,0.38130658864974976,0
ISIC_9299197,0,0.2765485942363739,0
ISIC_8052769,1,0.8812867999076843,1
ISIC_4971534,0,0.002322953660041094,0
ISIC_5029956,0,0.2239341139793396,0
ISIC_2793638,0,2.330042661924381e-06,0
ISIC_6599891,0,0.0009998783934861422,0
ISIC_8112306,0,0.015262755565345287,0
ISIC_3249938,0,0.22135207056999207,0
ISIC_2783450,0,0.005545294843614101,0
ISIC_1509976,0,3.6571782402461395e-05,0
ISIC_3823241,0,0.9475345611572266,1
ISIC_4073281,0,5.312052508088527e-06,0
ISIC_8513649,0,0.1975555419921875,0
ISIC_4771064,0,0.008126084692776203,0
ISIC_9924303,0,0.5895968079566956,1
ISIC_8634022,0,1.5786797575856326e-06,0
ISIC_1161370,0,0.004590936005115509,0
ISIC_3697702,1,0.8520022630691528,1
ISIC_3447958,0,0.0001043177253450267,0
ISIC_6022973,0,0.7933574914932251,1
ISIC_9874512,0,2.0186894289508928e-06,0
ISIC_5457229,0,0.04100010544061661,0
ISIC_7373360,0,0.6401538848876953,1
ISIC_0596043,0,0.006709021981805563,0
ISIC_7501268,0,0.0002611494855955243,0
ISIC_2158873,0,0.027715768665075302,0
ISIC_0711360,0,0.08362669497728348,0
ISIC_7249601,0,0.03011547029018402,0
ISIC_3007732,0,0.47691670060157776,0
ISIC_2278564,0,0.00018474702665116638,0
ISIC_2317322,0,0.00022476949379779398,0
ISIC_0666591,0,0.6324054002761841,1
ISIC_7542127,0,0.17166107892990112,0
ISIC_2412426,0,0.8846009373664856,1
ISIC_4072221,0,0.004036616533994675,0
ISIC_4132656,0,0.0001970350422197953,0
ISIC_6632997,0,0.779408872127533,1
ISIC_9638386,0,0.19623273611068726,0
ISIC_8146801,0,0.6118335127830505,1
ISIC_5644962,0,7.578657823614776e-05,0
ISIC_1601623,0,0.14342491328716278,0
ISIC_9005542,0,1.3333891729416791e-05,0
ISIC_2186382,0,0.7533401250839233,1
ISIC_7486963,0,0.0017887316644191742,0
ISIC_7562764,0,2.465022362230229e-06,0
ISIC_2613323,0,0.07465106248855591,0
ISIC_4430946,0,0.0036642844788730145,0
ISIC_9732721,0,0.008138161152601242,0
ISIC_4167334,0,0.5768143534660339,1
ISIC_6494157,0,0.4185229539871216,0
ISIC_6352730,0,2.5579998691682704e-05,0
ISIC_4082318,0,0.6947173476219177,1
ISIC_1067251,0,8.474409696646035e-05,0
ISIC_7312977,1,0.6654907464981079,1
ISIC_9551406,0,0.20135347545146942,0
ISIC_0448485,0,0.004928677808493376,0
ISIC_9833462,0,0.0017818681662902236,0
ISIC_6143929,0,0.9270866513252258,1
ISIC_4948341,0,0.855115532875061,1
ISIC_8300377,0,0.13405317068099976,0
ISIC_9502555,0,0.24949441850185394,0
ISIC_6743860,0,4.0654897020431235e-05,0
ISIC_7813241,0,0.2496555745601654,0
ISIC_0339930,0,0.00010380045569036156,0
ISIC_5434350,0,1.5838137187529355e-05,0
ISIC_4980656,1,0.9849012494087219,1
ISIC_6283328,0,0.791985034942627,1
ISIC_8973325,0,0.2702520191669464,0
ISIC_3971920,0,0.006594611331820488,0
ISIC_8998190,0,0.11803737282752991,0
ISIC_7336190,0,0.000746009754948318,0
ISIC_1456688,0,0.7660385966300964,1
ISIC_0610499,0,0.7235844731330872,1
ISIC_6928847,0,0.06668195128440857,0
ISIC_4856536,0,0.00598421785980463,0
ISIC_9312312,0,0.40779075026512146,0
ISIC_2753812,0,0.0007259401027113199,0
ISIC_6407239,0,0.926336407661438,1
ISIC_1476323,0,0.00024246852262876928,0
ISIC_9825516,0,0.22046039998531342,0
ISIC_6636275,0,1.198656900669448e-05,0
ISIC_9023880,0,0.8820335865020752,1
ISIC_2410240,0,0.20025010406970978,0
ISIC_5707738,0,0.008671052753925323,0
ISIC_1203596,0,0.00234402297064662,0
ISIC_1903346,0,0.07981875538825989,0
ISIC_8531497,0,6.166059029055759e-05,0
ISIC_0183290,0,0.0404597632586956,0
ISIC_1709233,0,0.05448222905397415,0
ISIC_0378118,0,0.0018983768532052636,0
ISIC_3868662,0,0.35894182324409485,0
ISIC_2850190,0,2.3049710762279574e-06,0
ISIC_7262580,0,0.005948141682893038,0
ISIC_0888799,0,0.0007386980578303337,0
ISIC_8853249,0,0.444817453622818,0
ISIC_0305879,0,2.961301288451068e-05,0
ISIC_2515324,0,0.00010496762115508318,0
ISIC_7031709,0,0.000990382395684719,0
ISIC_4350772,0,0.42271584272384644,0
ISIC_0495405,0,0.6402565240859985,1
ISIC_8898151,0,0.2773095667362213,0
ISIC_2064934,0,0.024239761754870415,0
ISIC_3686815,0,0.03262845799326897,0
ISIC_9651698,0,0.005389196798205376,0
ISIC_5036010,0,0.0360255241394043,0
ISIC_6470697,0,0.023128172382712364,0
ISIC_1088190,0,0.6127514839172363,1
ISIC_4265307,0,0.5832067728042603,1
ISIC_7255551,0,0.7182252407073975,1
ISIC_6352997,0,0.17484603822231293,0
ISIC_2098109,0,0.4063829779624939,0
ISIC_1334110,0,0.6959401965141296,1
ISIC_5410512,0,0.8623695373535156,1
ISIC_4237064,0,0.014987481757998466,0
ISIC_8270072,0,0.10268759727478027,0
ISIC_3873924,0,0.27106529474258423,0
ISIC_0398140,0,0.21467962861061096,0
ISIC_4294419,0,0.0014841597294434905,0
ISIC_2637323,0,0.0003231288865208626,0
ISIC_0494344,0,8.583977432863321e-06,0
ISIC_0486498,0,0.03932845965027809,0
ISIC_1692144,0,0.5624091029167175,1
ISIC_2682788,0,8.477440860588104e-05,0
ISIC_2161930,0,0.6497144103050232,1
ISIC_2195125,0,0.674684464931488,1
ISIC_5073847,0,0.00011332867870805785,0
ISIC_6596447,0,0.2650771737098694,0
ISIC_8428562,0,0.002258335007354617,0
ISIC_6843464,0,0.00027521298034116626,0
ISIC_8692556,0,0.00173042225651443,0
ISIC_6150484,0,0.4031042456626892,0
ISIC_0473135,0,0.23848004639148712,0
ISIC_5887545,0,0.19889052212238312,0
ISIC_7723527,0,0.03872063383460045,0
ISIC_8811120,0,4.458416151464917e-05,0
ISIC_7500420,0,0.8075723052024841,1
ISIC_3378314,0,0.037748467177152634,0
ISIC_9219633,0,2.3922984837554395e-05,0
ISIC_3480565,0,0.6772957444190979,1
ISIC_1610092,0,0.030833614990115166,0
ISIC_6040311,0,0.9800569415092468,1
ISIC_0433647,0,7.38024536985904e-05,0
ISIC_0614271,0,2.392253009020351e-06,0
ISIC_3720748,0,0.0003151320852339268,0
ISIC_1650233,0,0.3476102352142334,0
ISIC_1212587,0,0.09795932471752167,0
ISIC_3443234,0,0.9742323160171509,1
ISIC_4911104,0,0.9214857220649719,1
ISIC_7984985,0,0.7033334374427795,1
ISIC_0679972,0,0.011462721042335033,0
ISIC_2353030,0,5.202070951781934e-06,0
ISIC_1990651,0,0.007550828158855438,0
ISIC_7882247,0,0.23950360715389252,0
ISIC_4959023,0,0.00028992112493142486,0
ISIC_8066994,0,0.270688533782959,0
ISIC_7601936,0,0.004232443403452635,0
ISIC_2889562,0,0.3454781472682953,0
ISIC_7131359,0,0.0018924870528280735,0
ISIC_6926090,0,0.2594028115272522,0
ISIC_0484568,0,0.16069579124450684,0
ISIC_4261854,0,5.696742300642654e-05,0
ISIC_4954740,0,0.19949723780155182,0
ISIC_7564217,0,0.19968117773532867,0
ISIC_5309993,0,0.027906794100999832,0
ISIC_9339096,0,0.5085479617118835,1
ISIC_5317348,0,0.2665271461009979,0
ISIC_4322822,0,1.0064501339002163e-06,0
ISIC_6084620,0,0.01349109597504139,0
ISIC_2086668,0,0.16496369242668152,0
ISIC_6461631,0,0.03288060426712036,0
ISIC_5191018,0,9.439373388886452e-05,0
ISIC_0873114,0,0.0011913219932466745,0
ISIC_0221590,0,0.36298128962516785,0
ISIC_4236274,0,0.014448463916778564,0
ISIC_2834840,0,0.7334232926368713,1
ISIC_0469314,0,0.00011401807569200173,0
ISIC_7650064,0,7.042297767156924e-08,0
ISIC_9858883,0,0.0003762739652302116,0
ISIC_1569524,0,0.6795864105224609,1
ISIC_5269901,0,0.037814799696207047,0
ISIC_3785874,0,0.007582029327750206,0
ISIC_5625774,0,5.518025773199042e-06,0
ISIC_5952320,0,0.647193968296051,1
ISIC_6634951,1,0.6516360640525818,1
ISIC_5526118,0,0.20410197973251343,0
ISIC_7835537,0,0.4789567291736603,0
ISIC_0533122,1,0.9372009038925171,1
ISIC_7590292,0,1.4498680229735328e-06,0
ISIC_6295310,0,0.03790385648608208,0
ISIC_2353735,0,0.0996934175491333,0
ISIC_2119201,0,0.9596268534660339,1
ISIC_3822815,0,0.9531514644622803,1
ISIC_3623368,0,0.00043115962762385607,0
ISIC_6173977,0,0.10551563650369644,0
ISIC_8634334,0,5.00608223319432e-07,0
ISIC_7255891,0,4.630060175259132e-06,0
ISIC_7140783,0,0.0001704750320641324,0
ISIC_8849313,0,3.915855813829694e-06,0
ISIC_5186059,0,0.0006035724654793739,0
ISIC_8518406,0,0.00011092350905528292,0
ISIC_2251844,0,0.0030374263878911734,0
ISIC_1150482,0,0.00020576908718794584,0
ISIC_9024245,0,2.1663159714080393e-05,0
ISIC_2747650,0,0.0048767016269266605,0
ISIC_0182730,0,0.28725501894950867,0
ISIC_1801846,0,4.8756643082015216e-05,0
ISIC_4098925,0,0.32291173934936523,0
ISIC_0516613,0,0.04517984762787819,0
ISIC_6692281,0,0.0001416071318089962,0
ISIC_5052760,0,0.0649096742272377,0
ISIC_7086336,0,0.322809100151062,0
ISIC_3222447,0,0.0030234823934733868,0
ISIC_9889201,0,0.0663403868675232,0
ISIC_8549526,0,0.00010788648069137707,0
ISIC_6708794,0,0.13658078014850616,0
ISIC_9590673,0,0.3112523555755615,0
ISIC_0166988,0,0.3186788558959961,0
ISIC_1192253,0,0.053749386221170425,0
ISIC_5607148,0,0.3494519591331482,0
ISIC_8506622,0,0.025228261947631836,0
ISIC_7555812,0,0.56809002161026,1
ISIC_8393181,0,0.3970003128051758,0
ISIC_6152426,0,2.4235609998868313e-06,0
ISIC_4866649,0,3.184431261615828e-05,0
ISIC_5013346,0,0.26586270332336426,0
ISIC_3077696,0,0.006745702121406794,0
ISIC_5393017,0,0.016407480463385582,0
ISIC_9339800,0,0.2797193229198456,0
ISIC_4385152,0,0.30088603496551514,0
ISIC_1543862,0,0.00025964496308006346,0
ISIC_3820533,0,0.16374681890010834,0
ISIC_5071046,0,0.3892205059528351,0
ISIC_8834039,0,0.04863018915057182,0
ISIC_4112392,0,0.0010776001727208495,0
ISIC_7189864,0,0.0019249108154326677,0
ISIC_7006379,0,0.08363513648509979,0
ISIC_7315468,0,0.06313583999872208,0
ISIC_8663971,0,0.16683506965637207,0
ISIC_4656707,0,0.003933953121304512,0
ISIC_9374598,0,0.11033253371715546,0
ISIC_8880180,0,0.40405553579330444,0
ISIC_3275538,0,9.174491424346343e-05,0
ISIC_8562869,0,0.06869327276945114,0
ISIC_5446987,0,3.9290748645726126e-06,0
ISIC_2359366,0,0.00013807952927891165,0
ISIC_5292936,0,0.0815010666847229,0
ISIC_3687166,0,0.08791793137788773,0
ISIC_9870885,1,0.4091425836086273,0
ISIC_6375121,0,0.023572785779833794,0
ISIC_8080577,0,0.0007399924215860665,0
ISIC_0892980,0,0.0015063142636790872,0
ISIC_0273594,0,0.0005191309028305113,0
ISIC_5551801,0,0.0026395758613944054,0
ISIC_2291364,0,0.005037066992372274,0
ISIC_9210255,1,0.44993919134140015,0
ISIC_2121616,0,0.0019955888856202364,0
ISIC_1792109,0,0.05936196818947792,0
ISIC_0791303,0,0.2417864352464676,0
ISIC_9879693,0,0.3145616352558136,0
ISIC_7697366,0,0.0016822080360725522,0
ISIC_7156892,0,0.0001026177778840065,0
ISIC_9354604,0,0.8108025789260864,1
ISIC_2518505,0,0.01707656867802143,0
ISIC_6980914,0,0.062187232077121735,0
ISIC_2099525,0,0.002520560985431075,0
ISIC_6910956,0,0.20204134285449982,0
ISIC_1358147,0,0.2015572488307953,0
ISIC_3419626,0,0.013965306803584099,0
ISIC_9781738,0,0.035548385232686996,0
ISIC_8055992,0,0.048496462404727936,0
ISIC_4327406,0,0.0008043476263992488,0
ISIC_0708011,0,0.22995173931121826,0
ISIC_2999018,0,0.00015303105465136468,0
ISIC_6562849,0,0.9815913438796997,1
ISIC_6576549,0,0.40164661407470703,0
ISIC_8378321,0,8.641497697681189e-05,0
ISIC_2146087,0,0.04901908338069916,0
ISIC_4889196,0,0.1704462468624115,0
ISIC_2044283,0,0.43429455161094666,0
ISIC_1871890,0,1.6073485312517732e-05,0
ISIC_3254499,0,0.8832603693008423,1
ISIC_3295750,0,2.857416575352545e-06,0
ISIC_6971343,0,0.027426917105913162,0
ISIC_7839220,0,0.035523053258657455,0
ISIC_4388906,0,8.586396870668977e-05,0
ISIC_7788814,0,0.0547998771071434,0
ISIC_3046033,0,0.002006012015044689,0
ISIC_0834775,0,0.0005603738827630877,0
ISIC_8527092,1,0.9634376168251038,1
ISIC_3562579,0,0.020744774490594864,0
ISIC_6791996,0,0.38055944442749023,0
ISIC_1384413,0,0.00019563404202926904,0
ISIC_2205780,0,0.00032564872526563704,0
ISIC_5585279,0,0.018508045002818108,0
ISIC_1689678,0,0.7816319465637207,1
ISIC_7523263,0,0.6292973756790161,1
ISIC_2685523,0,1.6068242985056713e-05,0
ISIC_3816402,0,2.3709466404397972e-05,0
ISIC_1766425,0,0.0001786241919035092,0
ISIC_8362460,0,0.6313228011131287,1
ISIC_6076242,0,4.676000571635086e-06,0
ISIC_2414199,0,0.021429404616355896,0
ISIC_0763117,0,0.13165320456027985,0
ISIC_3153638,0,0.022140583023428917,0
ISIC_7929089,0,0.010288058780133724,0
ISIC_4293124,0,0.02965943142771721,0
ISIC_8469584,0,0.10752974450588226,0
ISIC_3218193,0,0.8290081024169922,1
ISIC_3577628,0,0.002802323317155242,0
ISIC_5131821,0,0.050116993486881256,0
ISIC_2816284,0,4.1497805796097964e-05,0
ISIC_6676776,0,0.04166943579912186,0
ISIC_4000087,0,0.004151571076363325,0
ISIC_4777536,0,4.053887039390247e-07,0
ISIC_3757407,0,0.16567657887935638,0
ISIC_2297858,0,0.0002859284868463874,0
ISIC_0356995,0,0.10195104032754898,0
ISIC_3210728,0,0.2491629272699356,0
ISIC_3741760,0,0.4316689074039459,0
ISIC_8963045,0,0.287185937166214,0
ISIC_7437503,0,0.002708590356633067,0
ISIC_7394834,0,0.00019563850946724415,0
ISIC_4426187,0,0.46825915575027466,0
ISIC_0686826,0,0.6962941884994507,1
ISIC_7873885,0,1.3635635696118698e-05,0
ISIC_3218501,0,0.0027204249054193497,0
ISIC_6094946,0,2.0577863324433565e-05,0
ISIC_0351084,0,0.5891600251197815,1
ISIC_5381502,0,0.017470136284828186,0
ISIC_7284370,0,0.0652199536561966,0
ISIC_8170883,0,0.26815301179885864,0
ISIC_2727016,0,0.8480847477912903,1
ISIC_2141003,0,0.16039982438087463,0
ISIC_1844425,0,0.035243336111307144,0
ISIC_4359258,0,0.01868833787739277,0
ISIC_4629476,0,8.749649168748874e-06,0
ISIC_1445790,0,8.438267832389101e-05,0
ISIC_1732527,0,0.9315854907035828,1
ISIC_4631711,0,0.0002685949730221182,0
ISIC_5772144,0,0.0006350940675474703,0
ISIC_5796736,0,7.979063229868189e-05,0
ISIC_5736966,0,0.570548415184021,1
ISIC_8869597,0,2.6640584565029712e-06,0
ISIC_8241770,0,0.00011116165114799514,0
ISIC_2810793,0,0.5369665622711182,1
ISIC_8790659,0,8.696381996742275e-07,0
ISIC_7508320,0,0.6011878252029419,1
ISIC_6440489,0,0.06865447759628296,0
ISIC_9217838,0,0.31512024998664856,0
ISIC_3648961,0,0.0006667652050964534,0
ISIC_0908367,0,0.0005019002128392458,0
ISIC_3296066,0,0.02685384452342987,0
ISIC_6372726,0,0.08422484248876572,0
ISIC_9140677,0,0.0007075630710460246,0
ISIC_5049137,0,0.00027696421602740884,0
ISIC_1628539,0,0.5873947739601135,1
ISIC_6023819,0,0.004781764000654221,0
ISIC_8827177,0,0.1696634739637375,0
ISIC_9237244,0,0.7549653053283691,1
ISIC_9563464,0,0.429811954498291,0
ISIC_6557548,0,0.07028666138648987,0
ISIC_5238536,0,0.08711608499288559,0
ISIC_1599679,0,5.037090159021318e-05,0
ISIC_6735728,0,1.2267715021607728e-07,0
ISIC_5004291,0,0.05559314414858818,0
ISIC_3834379,0,0.15949849784374237,0
ISIC_2142115,0,0.0010666049784049392,0
ISIC_3904828,0,0.05072937533259392,0
ISIC_9947624,0,0.00045279471669346094,0
ISIC_2899829,0,0.008549122139811516,0
ISIC_2863623,0,0.04307280108332634,0
ISIC_0433742,0,4.987525244359858e-06,0
ISIC_8338775,0,0.11737930774688721,0
ISIC_8738925,0,0.004865537863224745,0
ISIC_7992584,0,0.8094374537467957,1
ISIC_0325761,0,0.8973507285118103,1
ISIC_9330891,0,0.014421621337532997,0
ISIC_6380662,0,0.0013720851857215166,0
ISIC_5407240,0,0.9781423211097717,1
ISIC_7095039,0,3.458464561845176e-05,0
ISIC_8359242,0,0.01874503679573536,0
ISIC_1989365,0,0.002325452398508787,0
ISIC_1850483,0,0.000417232426116243,0
ISIC_8566203,0,0.38501718640327454,0
ISIC_1801631,0,0.0001158972445409745,0
ISIC_2837581,1,0.8427367806434631,1
ISIC_7839741,0,0.00015887962945271283,0
ISIC_2284502,0,1.0798193216032814e-05,0
ISIC_8541355,0,0.7073521614074707,1
ISIC_0758704,0,0.06562703847885132,0
ISIC_6943717,0,0.34709370136260986,0
ISIC_1864109,0,0.00456991046667099,0
ISIC_0208967,0,0.08825287967920303,0
ISIC_5475423,0,0.25145256519317627,0
ISIC_6394129,0,0.18376977741718292,0
ISIC_5899545,0,2.9210383218014613e-05,0
ISIC_7305142,0,0.004048592876642942,0
ISIC_0439452,0,0.46069762110710144,0
ISIC_0604088,0,0.003508806461468339,0
ISIC_5981147,0,0.08990082144737244,0
ISIC_0822116,0,0.0001815298746805638,0
ISIC_2415856,0,3.7839031392650213e-06,0
ISIC_2248305,0,0.3893168568611145,0
ISIC_9099529,0,0.46706733107566833,0
ISIC_1161490,0,0.4404904246330261,0
ISIC_5622782,0,0.19719316065311432,0
ISIC_6267455,0,0.07081294059753418,0
ISIC_7724906,0,0.23999212682247162,0
ISIC_0957034,0,0.2955577075481415,0
ISIC_6710866,0,0.1280517429113388,0
ISIC_3874043,0,1.3559942999563646e-05,0
ISIC_0686446,0,0.0340171754360199,0
ISIC_9579703,1,0.7449891567230225,1
ISIC_2014399,0,0.001354648033156991,0
ISIC_6536232,0,0.1336347758769989,0
ISIC_3691320,0,3.911927342414856e-05,0
ISIC_9383110,0,0.036438655108213425,0
ISIC_9669808,0,0.17492783069610596,0
ISIC_3982470,0,0.8088220357894897,1
ISIC_1753360,0,0.27788519859313965,0
ISIC_6820289,0,0.0002153985115000978,0
ISIC_7394756,0,0.7129576206207275,1
ISIC_5942756,0,0.9839644432067871,1
ISIC_7335835,0,0.10006698220968246,0
ISIC_0745450,0,0.001978057436645031,0
ISIC_9049124,0,0.437467485666275,0
ISIC_6602795,0,0.002416178584098816,0
ISIC_8917755,0,0.6663457751274109,1
ISIC_2563374,0,0.060079146176576614,0
ISIC_5295497,0,1.2927662282891106e-05,0
ISIC_7358425,0,1.8961458408739418e-05,0
ISIC_8270028,0,0.587998628616333,1
ISIC_1274550,0,0.16035087406635284,0
ISIC_7821457,0,1.9575552869355306e-05,0
ISIC_3481687,0,0.0065182955004274845,0
ISIC_8145879,0,0.351519912481308,0
ISIC_6876309,0,0.3827750086784363,0
ISIC_9529297,0,0.016991043463349342,0
ISIC_6557292,0,0.09391650557518005,0
ISIC_1921883,0,0.5121657252311707,1
ISIC_2642742,0,0.008963684551417828,0
ISIC_8995044,0,3.2079026368592167e-06,0
ISIC_5134862,0,0.8147090077400208,1
ISIC_0898454,0,0.0004883805522695184,0
ISIC_6134767,0,0.11105632781982422,0
ISIC_1389438,0,0.3301123082637787,0
ISIC_4497904,0,0.0034429810475558043,0
ISIC_6221165,0,0.004313504323363304,0
ISIC_4734950,0,0.713660478591919,1
ISIC_3601224,0,0.5649290680885315,1
ISIC_9009819,0,8.332994912052527e-05,0
ISIC_0622112,0,0.39206647872924805,0
ISIC_3851607,0,3.101828724538791e-06,0
ISIC_6061824,0,0.3209274411201477,0
ISIC_5934948,0,0.00017817459593061358,0
ISIC_2646829,1,0.86483234167099,1
ISIC_1976244,0,0.040515366941690445,0
ISIC_5879789,0,0.0020417405758053064,0
ISIC_7563847,0,0.6179488897323608,1
ISIC_8449514,0,0.45305725932121277,0
ISIC_9903000,0,0.0003496816789265722,0
ISIC_2945310,0,0.00012777904339600354,0
ISIC_6985561,0,3.9164773625088856e-05,0
ISIC_7974783,0,0.020292077213525772,0
ISIC_0789997,0,0.003657994791865349,0
ISIC_8862157,0,0.0037025322671979666,0
ISIC_3561821,0,0.029539132490754128,0
ISIC_9847428,0,0.03560379147529602,0
ISIC_8017882,0,0.3090146481990814,0
ISIC_3184922,0,4.129156423005043e-06,0
ISIC_9596531,0,0.14549045264720917,0
ISIC_3807708,0,0.26390960812568665,0
ISIC_4724660,0,0.0004294333339203149,0
ISIC_2000040,0,1.2692876225628424e-05,0
ISIC_3291748,0,0.01019772794097662,0
ISIC_5600105,0,2.518772816983983e-05,0
ISIC_9991492,0,0.00024527733330614865,0
ISIC_8588784,0,0.30820006132125854,0
ISIC_1410153,0,0.21809697151184082,0
ISIC_8798119,0,0.18812496960163116,0
ISIC_2414238,0,0.0630040317773819,0
ISIC_2000346,0,0.005738759413361549,0
ISIC_3028754,1,0.8563308119773865,1
ISIC_6302389,0,5.046994556323625e-05,0
ISIC_2161444,0,0.0003260503872297704,0
ISIC_9550834,0,0.4461306929588318,0
ISIC_3415902,0,0.6855255961418152,1
ISIC_6436998,0,0.00023802483337931335,0
ISIC_6537513,0,0.5801870822906494,1
ISIC_7827131,0,0.12303316593170166,0
ISIC_6207286,0,0.005186503753066063,0
ISIC_2118143,0,0.572033703327179,1
ISIC_8909545,0,0.24356909096240997,0
ISIC_6725390,0,0.005609546788036823,0
ISIC_9448599,0,0.00020076378132216632,0
ISIC_7406225,0,0.48499828577041626,0
ISIC_9682473,0,0.34941184520721436,0
ISIC_4481362,0,0.006017059087753296,0
ISIC_7054632,0,0.6400596499443054,1
ISIC_3524881,0,0.013243991881608963,0
ISIC_0809845,0,0.8761264681816101,1
ISIC_9312904,0,0.8182665109634399,1
ISIC_5296443,0,0.009137195535004139,0
ISIC_6916924,0,0.0004907998372800648,0
ISIC_8060329,0,0.6475494503974915,1
ISIC_1617282,0,0.04062507301568985,0
ISIC_0277727,0,0.35660645365715027,0
ISIC_7818740,0,0.879133939743042,1
ISIC_3407960,0,0.7614306807518005,1
ISIC_9452525,0,0.00978061929345131,0
ISIC_3844839,0,0.7936621308326721,1
ISIC_2075799,0,0.7783670425415039,1
ISIC_3018184,0,4.0727110899752006e-05,0
ISIC_6087652,0,0.04391511529684067,0
ISIC_3624727,0,0.5589115023612976,1
ISIC_5667519,0,0.1699121594429016,0
ISIC_0668165,0,2.0877928363916e-06,0
ISIC_5580631,0,0.00022011953114997596,0
ISIC_7487840,0,0.44384706020355225,0
ISIC_3848155,0,0.21153295040130615,0
ISIC_5122168,0,0.004736623261123896,0
ISIC_8802544,0,0.17636677622795105,0
ISIC_4108397,0,0.0023609171621501446,0
ISIC_4002850,0,0.2751619517803192,0
ISIC_9644397,0,2.104664599755779e-05,0
ISIC_4115135,0,0.08032623678445816,0
ISIC_8621723,0,6.216462497832254e-05,0
ISIC_0442837,0,0.0015412039356306195,0
ISIC_0307958,0,0.9470234513282776,1
ISIC_5327023,0,0.1974184513092041,0
ISIC_3611638,0,0.0010010998230427504,0
ISIC_2136193,0,1.6272442735498771e-06,0
ISIC_8280776,0,2.7249313916399842e-06,0
ISIC_4241316,0,0.16132192313671112,0
ISIC_8373132,0,0.00010695750097511336,0
ISIC_7190243,1,0.8931597471237183,1
ISIC_7387428,0,0.30142635107040405,0
ISIC_1522266,0,0.06892013549804688,0
ISIC_8997544,0,0.0001442884822608903,0
ISIC_6618799,0,0.3689698576927185,0
ISIC_2297987,0,0.006047109607607126,0
ISIC_4721434,0,0.03695294260978699,0
ISIC_5380914,0,0.23906384408473969,0
ISIC_6641336,0,0.7134100198745728,1
ISIC_5833740,0,0.0011459625093266368,0
ISIC_0795514,0,0.02980727329850197,0
ISIC_4126822,0,0.0007640578551217914,0
ISIC_5204245,0,0.16309981048107147,0
ISIC_6727495,0,0.007818133570253849,0
ISIC_2769292,0,0.0031456518918275833,0
ISIC_8660448,0,0.841547429561615,1
ISIC_6274085,0,0.10825929045677185,0
ISIC_6107273,0,0.23957295715808868,0
ISIC_4817771,0,0.16035336256027222,0
ISIC_0837796,0,0.5250867605209351,1
ISIC_7867245,0,0.8624181747436523,1
ISIC_1800762,0,0.6735135316848755,1
ISIC_7980625,0,0.04244814068078995,0
ISIC_5739096,0,0.18845869600772858,0
ISIC_4983464,0,0.006786556914448738,0
ISIC_9756079,0,0.28268560767173767,0
ISIC_9969263,0,0.1653188169002533,0
ISIC_5302483,0,0.7798376083374023,1
ISIC_8535709,0,0.000588748196605593,0
ISIC_1466047,0,0.0015774521743878722,0
ISIC_2621205,0,0.08090019971132278,0
ISIC_0586053,0,0.2561805248260498,0
ISIC_6463417,0,0.0006453299429267645,0
ISIC_6655383,0,0.1771840751171112,0
ISIC_0523031,0,0.01915544830262661,0
ISIC_7991784,0,0.07451263815164566,0
ISIC_9650546,0,0.8433976173400879,1
ISIC_1075126,0,0.7073035836219788,1
ISIC_1134319,0,3.020802978426218e-05,0
ISIC_5209401,0,0.6259483695030212,1
ISIC_9941161,0,0.07572193443775177,0
ISIC_6038977,0,0.8319175243377686,1
ISIC_7346228,1,0.3062744438648224,0
ISIC_7496898,0,0.13941028714179993,0
ISIC_1674776,0,0.4564402103424072,0
ISIC_7088774,0,0.008882359601557255,0
ISIC_8879370,0,0.017529722303152084,0
ISIC_4161205,0,0.865064263343811,1
ISIC_6696536,0,1.571691063873004e-05,0
ISIC_5694393,0,0.1275184601545334,0
ISIC_4017654,0,0.022143397480249405,0
ISIC_6060741,0,0.4669746160507202,0
ISIC_0849702,0,5.7949364418163896e-06,0
ISIC_1763257,0,0.9151868224143982,1
ISIC_2948347,0,0.005864904727786779,0
ISIC_6728205,0,0.08447553217411041,0
ISIC_1020661,0,0.09411595016717911,0
ISIC_7205863,0,0.10047710686922073,0
ISIC_8105020,0,0.020264094695448875,0
ISIC_4899689,0,0.000344901520293206,0
ISIC_5703303,0,0.34197306632995605,0
ISIC_7261850,0,0.30328431725502014,0
ISIC_3342276,0,0.13406795263290405,0
ISIC_0217267,0,0.002172506880015135,0
ISIC_6408608,0,0.045510608702898026,0
ISIC_3528845,0,0.6737509965896606,1
ISIC_7422781,0,0.5963675379753113,1
ISIC_2874940,0,0.14514301717281342,0
ISIC_3156486,0,0.0009304246632382274,0
ISIC_3401780,0,0.0007935015019029379,0
ISIC_3300386,0,0.0014055677456781268,0
ISIC_2669835,0,0.7203919291496277,1
ISIC_3351441,0,4.866371341449849e-07,0
ISIC_0762591,0,0.000251313264016062,0
ISIC_1923467,0,0.16220127046108246,0
ISIC_1091902,0,0.002243385650217533,0
ISIC_5869699,0,0.005033615045249462,0
ISIC_4752151,0,0.001824644161388278,0
ISIC_7501928,0,2.49534934937401e-07,0
ISIC_3079305,0,0.7907764315605164,1
ISIC_8747149,0,0.01772395148873329,0
ISIC_3754362,0,0.6967573761940002,1
ISIC_4052885,0,0.331341028213501,0
ISIC_1935814,0,0.006023793015629053,0
ISIC_3810324,0,0.039761535823345184,0
ISIC_4983237,0,0.36221179366111755,0
ISIC_0806138,0,2.3256927306647412e-05,0
ISIC_0619514,0,0.7622622847557068,1
ISIC_2098084,0,0.00017862043750938028,0
ISIC_2908315,0,0.00022211798932403326,0
ISIC_2173158,0,0.028353333473205566,0
ISIC_1744817,0,0.0014785482781007886,0
ISIC_3218135,0,1.4587524674425367e-05,0
ISIC_0199455,0,0.04289434477686882,0
ISIC_0869231,0,0.5382525324821472,1
ISIC_7746989,0,0.0004319144645705819,0
ISIC_1825481,0,0.038217220455408096,0
ISIC_3658737,0,0.9147284626960754,1
ISIC_2869236,0,2.366798980801832e-05,0
ISIC_4321592,0,0.34347641468048096,0
ISIC_6089798,0,0.30490612983703613,0
ISIC_8988525,0,0.378739595413208,0
ISIC_5934104,0,0.0001557999785291031,0
ISIC_3129578,0,0.00021317251957952976,0
ISIC_4726702,0,4.868741234531626e-05,0
ISIC_5843525,0,0.0011305531952530146,0
ISIC_5963344,0,0.0004591745382640511,0
ISIC_2549673,0,9.412298709321476e-07,0
ISIC_4909229,0,8.717009222891647e-06,0
ISIC_8766644,0,0.4490593373775482,0
ISIC_1738117,0,0.7423954010009766,1
ISIC_4238222,0,0.15129528939723969,0
ISIC_5593556,0,1.0834332897502463e-06,0
ISIC_4026943,0,0.011852411553263664,0
ISIC_9297472,0,0.03684079274535179,0
ISIC_7298784,0,0.003789518028497696,0
ISIC_3539351,0,0.0011527566239237785,0
ISIC_6091348,0,0.002263599308207631,0
ISIC_1969322,0,0.06480066478252411,0
ISIC_1216822,0,0.0026525231078267097,0
ISIC_9462346,0,0.004375085700303316,0
ISIC_3249158,0,0.30413374304771423,0
ISIC_4500287,0,0.3207819163799286,0
ISIC_8791603,0,0.00018937022832687944,0
ISIC_8871092,0,0.5513060092926025,1
ISIC_6236396,0,0.009839068166911602,0
ISIC_3380520,0,0.026297660544514656,0
ISIC_5153075,0,0.00949691142886877,0
ISIC_1435946,0,0.010652721859514713,0
ISIC_8815828,0,0.2513168156147003,0
ISIC_0597581,0,0.6881318092346191,1
ISIC_8509562,0,0.5105841755867004,1
ISIC_5863114,0,0.04073582589626312,0
ISIC_4025001,0,0.005790954455733299,0
ISIC_4739872,0,0.36336275935173035,0
ISIC_5096336,0,0.32782378792762756,0
ISIC_3866641,0,0.11757957190275192,0
ISIC_2288919,0,0.004569506738334894,0
ISIC_8993802,0,0.49193745851516724,0
ISIC_0163765,0,0.008525684475898743,0
ISIC_1193513,0,0.19793446362018585,0
ISIC_0449824,0,0.06304271519184113,0
ISIC_1716299,0,0.18192331492900848,0
ISIC_6063007,0,0.12583936750888824,0
ISIC_0476762,0,0.4456658661365509,0
ISIC_0963211,0,0.01148962788283825,0
ISIC_8024841,0,5.40362270839978e-05,0
ISIC_3680358,0,0.0013072602450847626,0
ISIC_9509076,0,0.0662638396024704,0
ISIC_1041621,0,0.13792960345745087,0
ISIC_0543494,0,0.2054263949394226,0
ISIC_6704518,0,0.8478008508682251,1
ISIC_3209856,0,0.3143894374370575,0
ISIC_6615274,0,0.00016040961781982332,0
ISIC_6028510,0,0.34753528237342834,0
ISIC_1950616,0,0.6133139729499817,1
ISIC_2900357,0,0.18226082623004913,0
ISIC_8717336,0,0.23163700103759766,0
ISIC_8770180,0,0.9624656438827515,1
ISIC_6223578,0,0.0005014028865844011,0
ISIC_4763436,0,0.3852955996990204,0
ISIC_5492526,0,6.674888481938979e-06,0
ISIC_4177415,0,0.05441296845674515,0
ISIC_8462445,0,0.024700840935111046,0
ISIC_0488252,0,9.207989933202043e-05,0
ISIC_9739062,0,0.03193990886211395,0
ISIC_8266094,0,0.00010409623791929334,0
ISIC_0169604,0,0.0019240900874137878,0
ISIC_7114516,0,0.0002942983992397785,0
ISIC_3599664,0,0.8860588669776917,1
ISIC_8674937,0,0.7266764640808105,1
ISIC_7118851,0,0.23759712278842926,0
ISIC_9407543,0,0.1224486455321312,0
ISIC_6948332,0,0.09277106076478958,0
ISIC_8888281,0,0.0003417293482925743,0
ISIC_5367149,0,0.3714555501937866,0
ISIC_2581536,0,0.24599960446357727,0
ISIC_6955799,0,0.004235362634062767,0
ISIC_6352401,0,5.020937533117831e-05,0
ISIC_3456094,0,0.05730114504694939,0
ISIC_7841085,0,0.00015471894585061818,0
ISIC_5602826,1,0.9616098403930664,1
ISIC_9289739,0,1.8143405213777442e-06,0
ISIC_9081595,0,0.0015969853848218918,0
ISIC_8214363,0,0.10030824691057205,0
ISIC_7968733,0,1.0919443411694374e-06,0
ISIC_7935462,0,0.00026329554384574294,0
ISIC_9141954,0,0.8817633390426636,1
ISIC_7256075,0,4.9740567192202434e-05,0
ISIC_9824967,0,0.0006895823171362281,0
ISIC_9668514,0,0.0002866140566766262,0
ISIC_9928421,0,0.008041836321353912,0
ISIC_8249854,1,0.7825397849082947,1
ISIC_0238118,0,3.132746496703476e-05,0
ISIC_7778842,0,0.060718096792697906,0
ISIC_4536709,0,0.6348180770874023,1
ISIC_1772037,0,5.274761133478023e-05,0
ISIC_5651106,0,5.353679625841323e-06,0
ISIC_9163466,0,0.23695674538612366,0
ISIC_4525317,1,0.9641949534416199,1
ISIC_3536880,0,0.00016170128947123885,0
ISIC_5543178,0,0.027111083269119263,0
ISIC_8172411,0,0.5642985105514526,1
ISIC_7764074,0,0.40933406352996826,0
ISIC_5113530,0,0.0008937355014495552,0
ISIC_9929097,0,0.03888101130723953,0
ISIC_8586555,0,0.27796420454978943,0
ISIC_8246523,0,0.9406615495681763,1
ISIC_7982020,0,0.26436346769332886,0
ISIC_5970560,0,0.13482891023159027,0
ISIC_8242918,0,0.39479199051856995,0
ISIC_7505254,0,0.6251171231269836,1
ISIC_7729596,0,0.0007390515529550612,0
ISIC_5583159,0,0.6435167789459229,1
ISIC_5920944,0,0.0005534228985197842,0
ISIC_9747194,0,0.00559598533436656,0
ISIC_8206577,0,0.08807162940502167,0
ISIC_7198887,0,0.12521179020404816,0
ISIC_1809912,0,0.11341840773820877,0
ISIC_0878793,0,0.00012454381794668734,0
ISIC_6092704,0,0.22617487609386444,0
ISIC_0527870,0,0.0014265113277360797,0
ISIC_6888142,0,0.18214547634124756,0
ISIC_8034738,0,0.7412061095237732,1
ISIC_8344948,0,0.003355637425556779,0
ISIC_3816423,0,0.2675255537033081,0
ISIC_8200571,0,0.4940110445022583,0
ISIC_5641938,0,0.16504022479057312,0
ISIC_5692863,0,0.00023877492640167475,0
ISIC_1152051,0,0.7430797815322876,1
ISIC_9296537,0,0.0060995337553322315,0
ISIC_1190994,0,0.05296364426612854,0
ISIC_3539379,0,0.00011244534834986553,0
ISIC_4223575,0,0.5809435248374939,1
ISIC_1128193,0,0.22523044049739838,0
ISIC_9000226,0,0.00473242811858654,0
ISIC_5180805,0,0.2108912616968155,0
ISIC_9625160,0,0.19341593980789185,0
ISIC_7710577,0,0.0001983218389796093,0
ISIC_9880848,0,0.17698267102241516,0
ISIC_9713281,0,9.410738857695833e-05,0
ISIC_6064288,0,0.833534836769104,1
ISIC_4719181,0,3.98230658902321e-05,0
ISIC_2978592,0,0.000466906582005322,0
ISIC_7295186,0,3.7354933738242835e-05,0
ISIC_7287161,0,0.003859705990180373,0
ISIC_0695428,0,0.00031324682640843093,0
ISIC_4487429,0,0.00046822719741612673,0
ISIC_3548393,0,0.0010591873433440924,0
ISIC_8319711,0,0.23785623908042908,0
ISIC_7494699,0,0.8457632660865784,1
ISIC_5382189,0,0.0009051993838511407,0
ISIC_7133051,0,0.0022851056419312954,0
ISIC_9727219,0,0.29213830828666687,0
ISIC_7933514,0,0.00022935554443392903,0
ISIC_6786974,0,0.010104222223162651,0
ISIC_6635699,0,3.378643441465101e-06,0
ISIC_9686296,0,0.6037300229072571,1
ISIC_5023793,0,0.0005037430673837662,0
ISIC_9441580,0,0.026739127933979034,0
ISIC_1996538,0,0.00030396549846045673,0
ISIC_8798839,0,0.010404640808701515,0
ISIC_1858989,0,0.00024367573496419936,0
ISIC_3446591,0,0.00011466485011624172,0
ISIC_3313736,0,1.5938010164973093e-06,0
ISIC_6180870,0,1.1463686178103671e-06,0
ISIC_3986853,0,0.0005915053770877421,0
ISIC_7011835,0,0.007249327376484871,0
ISIC_9990676,0,0.0008613970712758601,0
ISIC_5272837,0,0.8010562062263489,1
ISIC_8379395,0,0.00035604415461421013,0
ISIC_9041509,0,0.0002549157361499965,0
ISIC_3278303,0,0.01629665121436119,0
ISIC_7769897,0,0.007556800730526447,0
ISIC_9714160,0,0.7812637090682983,1
ISIC_5678560,0,0.005873777437955141,0
ISIC_3211631,0,0.05020499601960182,0
ISIC_5728325,0,0.7766634821891785,1
ISIC_0788453,0,0.59703528881073,1
ISIC_1922645,0,0.02803478017449379,0
ISIC_8641048,0,0.05735843628644943,0
ISIC_0834704,0,0.00024441705318167806,0
ISIC_9316994,0,0.006093451287597418,0
ISIC_9747249,0,0.0005967944744043052,0
ISIC_8432001,0,0.020967260003089905,0
ISIC_0493653,0,0.08184443414211273,0
ISIC_2094481,0,0.1540549099445343,0
ISIC_7031550,0,0.05509314313530922,0
ISIC_9959917,0,0.025811007246375084,0
ISIC_0868636,0,0.6438885927200317,1
ISIC_9697718,0,0.6339991688728333,1
ISIC_2033106,0,8.035368227865547e-05,0
ISIC_2839112,0,4.626607915270142e-05,0
ISIC_7398145,0,0.0006858755950815976,0
ISIC_9231263,0,0.14070916175842285,0
ISIC_9071804,0,0.290038526058197,0
ISIC_5646514,0,0.17992562055587769,0
ISIC_0629437,0,9.303319529863074e-05,0
ISIC_2023198,0,6.31661669103778e-06,0
ISIC_8485199,0,0.4588790237903595,0
ISIC_6842453,0,0.5486977696418762,1
ISIC_8521162,0,0.3262721598148346,0
ISIC_1689686,0,0.0017126983730122447,0
ISIC_1104762,0,0.00015389572945423424,0
ISIC_1067985,0,0.9212396144866943,1
ISIC_6194235,0,0.0143163176253438,0
ISIC_6064756,0,0.38237595558166504,0
ISIC_2245069,0,0.4860283434391022,0
ISIC_3771332,0,0.002210559556260705,0
ISIC_5110505,0,0.7613747119903564,1
ISIC_8071131,0,0.1719629168510437,0
ISIC_6759819,0,0.6562426686286926,1
ISIC_7847981,0,4.3256870412733406e-05,0
ISIC_0197873,0,0.0005004439153708518,0
ISIC_1461507,0,0.5972493290901184,1
ISIC_9064053,0,0.023896191269159317,0
ISIC_5957086,0,0.0014188895002007484,0
ISIC_0744553,0,0.00397874042391777,0
ISIC_9601859,0,0.012748932465910912,0
ISIC_1691050,0,0.019880104809999466,0
ISIC_8922355,0,0.2822101414203644,0
ISIC_0628726,0,0.12117956578731537,0
ISIC_8429889,0,0.16586622595787048,0
ISIC_1396276,0,0.7611947059631348,1
ISIC_8035537,0,0.0010266297031193972,0
ISIC_2111605,0,1.923556055771769e-06,0
ISIC_3309001,0,0.3108788728713989,0
ISIC_9779272,0,0.01843116246163845,0
ISIC_7050122,0,0.23970158398151398,0
ISIC_2487716,0,0.010404301807284355,0
ISIC_7050200,0,0.7221020460128784,1
ISIC_7992649,0,0.00011703211930580437,0
ISIC_6188574,0,0.0003235746407881379,0
ISIC_1632009,0,0.00012139351019868627,0
ISIC_4965160,0,0.20899678766727448,0
ISIC_0202680,0,0.17727811634540558,0
ISIC_2757276,0,0.00230062915943563,0
ISIC_1973700,0,0.011274825781583786,0
ISIC_1034411,0,0.15497247874736786,0
ISIC_5119273,0,8.155069735948928e-06,0
ISIC_1003459,0,0.0018166681984439492,0
ISIC_3622464,0,0.4205169677734375,0
ISIC_9807077,0,0.00013509514974430203,0
ISIC_9846559,0,7.634768905973033e-08,0
ISIC_3196630,0,0.5423610210418701,1
ISIC_1029550,0,0.11135339736938477,0
ISIC_0669411,0,2.730708547460381e-05,0
ISIC_2996964,0,0.1893693506717682,0
ISIC_1402884,0,0.2521522641181946,0
ISIC_6178088,0,4.366840221337043e-05,0
ISIC_9052500,1,0.7635834813117981,1
ISIC_2537598,0,0.0002508682373445481,0
ISIC_1353094,0,0.019395848736166954,0
ISIC_1248073,0,0.0034538826439529657,0
ISIC_7396015,0,0.0023958689998835325,0
ISIC_6042293,0,0.02219880186021328,0
ISIC_9066489,0,0.00017686163482721895,0
ISIC_5699758,0,0.10008839517831802,0
ISIC_8832449,0,0.0005143255111761391,0
ISIC_2167621,0,0.30030742287635803,0
ISIC_1859522,0,0.001961421687155962,0
ISIC_1249539,0,0.00012505541963037103,0
ISIC_2560287,0,0.003842270001769066,0
ISIC_2229764,0,0.0007805348141118884,0
ISIC_2070085,0,0.34294506907463074,0
ISIC_3061909,0,0.9621424078941345,1
ISIC_1413589,0,0.0016095120226964355,0
ISIC_3617693,0,0.000842151406686753,0
ISIC_2344492,0,0.3403061628341675,0
ISIC_9915699,0,2.084243533317931e-05,0
ISIC_6571305,0,0.002303129993379116,0
ISIC_0357525,0,0.07822426408529282,0
ISIC_7264231,0,0.9367120862007141,1
ISIC_3866081,0,1.1733774954336695e-05,0
ISIC_3882949,0,0.00095066346693784,0
ISIC_0163463,0,0.02137495018541813,0
ISIC_0941302,0,0.014170480892062187,0
ISIC_4323391,0,2.2790734874433838e-05,0
ISIC_6273964,0,0.10930748283863068,0
ISIC_1102391,0,2.275134283991065e-05,0
ISIC_3185524,0,0.14302916824817657,0
ISIC_0481652,0,0.009943509474396706,0
ISIC_4785677,0,0.00013948316336609423,0
ISIC_4923457,0,0.00034619864891283214,0
ISIC_0882705,0,0.0005715913139283657,0
ISIC_4782878,0,0.4054902195930481,0
ISIC_4067693,0,0.0024432067293673754,0
ISIC_8222181,0,0.12053165584802628,0
ISIC_4722021,0,0.6906949877738953,1
ISIC_1711134,0,0.1418502926826477,0
ISIC_3668369,0,4.949240974383429e-06,0
ISIC_7440724,0,8.415670890826732e-05,0
ISIC_4140634,0,0.31713807582855225,0
ISIC_8310501,0,0.20148912072181702,0
ISIC_7365363,0,4.739351061289199e-05,0
ISIC_1436856,0,0.00023462566605303437,0
ISIC_1076474,0,0.02552780881524086,0
ISIC_1459086,0,0.00038406631210818887,0
ISIC_0756080,0,0.48897600173950195,0
ISIC_3480492,0,0.13236474990844727,0
ISIC_0814097,0,0.2893904149532318,0
ISIC_8498777,0,0.005030864384025335,0
ISIC_4280886,0,0.889273464679718,1
ISIC_0229832,0,0.2988708019256592,0
ISIC_8754690,0,9.424072686670115e-07,0
ISIC_0363251,0,1.9667662343181291e-07,0
ISIC_5092424,0,0.04344947636127472,0
ISIC_3437943,0,1.3185536772652995e-05,0
ISIC_0849385,0,1.3201265574025456e-05,0
ISIC_5541999,0,0.005896932911127806,0
ISIC_0483649,0,0.7327504754066467,1
ISIC_5472470,0,0.15075187385082245,0
ISIC_9622948,0,0.7079117894172668,1
ISIC_3587945,0,0.06446675211191177,0
ISIC_9719922,0,0.015502541325986385,0
ISIC_7024593,0,3.4831729863071814e-05,0
ISIC_4654808,0,0.9920967817306519,1
ISIC_2941103,0,0.6217974424362183,1
ISIC_1056868,0,9.59184835664928e-05,0
ISIC_3341994,0,0.8096457123756409,1
ISIC_5819728,0,0.0012190650450065732,0
ISIC_8343418,0,0.0002648830704856664,0
ISIC_3229879,0,0.0024022769648581743,0
ISIC_5552335,0,8.219483788707294e-06,0
ISIC_1988596,0,0.34736156463623047,0
ISIC_7059563,0,2.9477473617589567e-07,0
ISIC_9022005,1,0.1946929395198822,0
ISIC_5664001,0,0.3483329713344574,0
ISIC_4208361,0,0.5043163895606995,1
ISIC_4185719,0,0.9027495384216309,1
ISIC_7218368,0,0.17437300086021423,0
ISIC_3172196,0,0.017830373719334602,0
ISIC_2039579,0,0.5151728391647339,1
ISIC_1250680,0,0.30340418219566345,0
ISIC_2625884,0,0.8561158776283264,1
ISIC_0942056,0,0.004738614894449711,0
ISIC_9776533,0,0.6206204891204834,1
ISIC_9115130,0,0.00036733996239490807,0
ISIC_6028963,0,1.0471571840753313e-05,0
ISIC_7850191,0,0.006484750658273697,0
ISIC_9228120,0,0.0021597864106297493,0
ISIC_7894406,0,0.0206732340157032,0
ISIC_4431715,0,0.031233781948685646,0
ISIC_5695185,0,0.028613317757844925,0
ISIC_9273715,0,0.8524497151374817,1
ISIC_3950753,0,0.009463034570217133,0
ISIC_5101218,0,0.0002945291344076395,0
ISIC_0917117,0,0.9339895844459534,1
ISIC_9245355,0,0.009615708142518997,0
ISIC_3950408,0,0.17095893621444702,0
ISIC_7140636,0,0.9403623938560486,1
ISIC_2494296,0,0.004031815100461245,0
ISIC_7392931,0,0.45301586389541626,0
ISIC_6637633,0,0.9387769103050232,1
ISIC_3652884,0,0.001191113842651248,0
ISIC_8917822,0,0.03328535333275795,0
ISIC_9828853,0,0.5361171364784241,1
ISIC_6983485,0,0.00025809055659919977,0
ISIC_6971606,1,0.8596968650817871,1
ISIC_3825739,0,0.5613349676132202,1
ISIC_7717501,0,0.042948417365550995,0
ISIC_8619693,0,9.983278869185597e-05,0
ISIC_0241109,0,0.0005619142903015018,0
ISIC_9368089,0,0.00014405669935513288,0
ISIC_3359247,0,1.718031126074493e-05,0
ISIC_3883654,0,0.6324215531349182,1
ISIC_8190660,0,0.5684097409248352,1
ISIC_3999633,0,3.0462322229141137e-06,0
ISIC_4919947,0,0.06720853596925735,0
ISIC_2410520,0,0.0006114699644967914,0
ISIC_6139434,0,0.017306583002209663,0
ISIC_7897626,0,0.7901472449302673,1
ISIC_0757147,0,0.6198965907096863,1
ISIC_3350052,0,0.4600642919540405,0
ISIC_7187459,0,1.765228262229357e-05,0
ISIC_6464378,0,0.01690785028040409,0
ISIC_5738661,0,0.17003200948238373,0
ISIC_7432526,0,0.00221620942465961,0
ISIC_2231307,0,0.35219883918762207,0
ISIC_3791435,0,0.3175499439239502,0
ISIC_7982831,0,0.7350178956985474,1
ISIC_3428523,0,0.026138152927160263,0
ISIC_5497432,0,0.5538966059684753,1
ISIC_7954325,0,1.4727713278261945e-05,0
ISIC_8242039,0,0.18176549673080444,0
ISIC_9965843,0,0.3652714490890503,0
ISIC_8144271,0,0.8113065361976624,1
ISIC_6222611,0,1.789703492249828e-05,0
ISIC_8227913,0,0.6137607097625732,1
ISIC_0857978,0,0.8326807022094727,1
ISIC_5006020,0,3.799885598709807e-05,0
ISIC_9954010,0,0.0013481734786182642,0
ISIC_1507577,0,0.45918217301368713,0
ISIC_3311099,0,0.006908537354320288,0
ISIC_9222483,0,0.046605344861745834,0
ISIC_2841861,0,0.12119855731725693,0
ISIC_0164145,0,0.004279145039618015,0
ISIC_9832775,0,0.20515842735767365,0
ISIC_6909624,0,0.14343151450157166,0
ISIC_4330074,0,0.03329027071595192,0
ISIC_6290437,0,5.809034519188572e-06,0
ISIC_7953081,0,0.004112903028726578,0
ISIC_4516835,0,0.4714270532131195,0
ISIC_4988141,0,0.06167652830481529,0
ISIC_9801917,0,0.054079312831163406,0
ISIC_5097490,0,0.00040426431223750114,0
ISIC_1846341,0,0.0005029828171245754,0
ISIC_7301029,0,0.3015355169773102,0
ISIC_8010381,0,0.00012563617201521993,0
ISIC_9751601,0,0.0008134976378642023,0
ISIC_7183931,0,0.0008190559456124902,0
ISIC_9778253,0,0.0044098286889493465,0
ISIC_3355691,0,0.011111471801996231,0
ISIC_1332597,0,0.06896453350782394,0
ISIC_5928023,0,5.2490995585685596e-05,0
ISIC_6888906,0,0.6266661286354065,1
ISIC_3794186,0,0.3561337888240814,0
ISIC_9070995,0,0.6209956407546997,1
ISIC_2156021,0,0.5043889284133911,1
ISIC_7966605,0,0.001211845432408154,0
ISIC_3381550,0,1.2781287068719394e-06,0
ISIC_0908770,0,0.47412601113319397,0
ISIC_2414922,0,0.29264649748802185,0
ISIC_7740004,0,0.014253701083362103,0
ISIC_0639414,0,0.20468606054782867,0
ISIC_9489738,0,0.004659623838961124,0
ISIC_1729465,0,0.5520926713943481,1
ISIC_9153619,0,0.12437295913696289,0
ISIC_1114966,0,0.3113473355770111,0
ISIC_6056839,0,0.5159239172935486,1
ISIC_1875086,0,0.026707280427217484,0
ISIC_0268784,0,0.0007919506169855595,0
ISIC_8425541,0,0.5324857234954834,1
ISIC_2109549,0,0.7077731490135193,1
ISIC_3806200,0,3.214175012544729e-05,0
ISIC_1749857,0,2.518498877179809e-05,0
ISIC_4401014,0,0.0008448101580142975,0
ISIC_6626544,0,0.003048837883397937,0
ISIC_1390222,0,0.09635605663061142,0
ISIC_8841738,0,0.035687897354364395,0
ISIC_9187320,0,0.030003152787685394,0
ISIC_4739931,0,0.49955251812934875,0
ISIC_9851634,0,0.19052568078041077,0
ISIC_4161227,0,0.006346534006297588,0
ISIC_6352726,0,0.06867010146379471,0
ISIC_0984972,0,0.0005575927789323032,0
ISIC_4481065,0,0.5104788541793823,1
ISIC_4828380,0,0.8036400079727173,1
ISIC_2728181,0,0.011089162901043892,0
ISIC_4987297,0,0.030266493558883667,0
ISIC_2908353,0,0.032068219035863876,0
ISIC_8495718,0,0.5589967370033264,1
ISIC_8959550,0,0.5355095267295837,1
ISIC_9057206,0,0.00020936362852808088,0
ISIC_8883454,0,0.7549863457679749,1
ISIC_7054738,0,0.45377317070961,0
ISIC_0567142,0,0.47830548882484436,0
ISIC_1815346,0,0.4986496865749359,0
ISIC_1852987,0,0.5438135862350464,1
ISIC_6905411,0,0.45698246359825134,0
ISIC_8109052,0,0.00015920841542538255,0
ISIC_6806124,0,0.001217851066030562,0
ISIC_8924942,0,0.009809482842683792,0
ISIC_4575112,0,0.06276397407054901,0
ISIC_0374029,0,0.49433633685112,0
ISIC_0361529,0,0.8768105506896973,1
ISIC_1474577,0,0.2849825918674469,0
ISIC_0678649,0,0.023886043578386307,0
ISIC_9834264,0,0.0024994725827127695,0
ISIC_9559922,0,0.0005922646960243583,0
ISIC_3267817,0,0.008107219822704792,0
ISIC_9336675,0,0.951733410358429,1
ISIC_1912589,0,0.06877007335424423,0
ISIC_6051431,0,0.1799164116382599,0
ISIC_6535502,0,0.00015703668759670109,0
ISIC_8088939,0,0.18458077311515808,0
ISIC_5932996,0,0.02398058958351612,0
ISIC_6357690,0,5.672233669429261e-07,0
ISIC_6935923,0,1.0908715921686962e-05,0
ISIC_5281514,0,3.596836540964432e-05,0
ISIC_6260969,0,0.0008067383314482868,0
ISIC_3254309,0,0.7077159285545349,1
ISIC_0737399,0,0.0756274163722992,0
ISIC_8622070,0,0.3638319671154022,0
ISIC_3713085,0,0.6194198727607727,1
ISIC_1274220,0,0.8098214864730835,1
ISIC_4302883,0,0.8194540143013,1
ISIC_3844080,0,0.0005432001198641956,0
ISIC_5699099,0,0.06564517319202423,0
ISIC_3302289,0,0.8474328517913818,1
ISIC_5070701,0,0.1275666058063507,0
ISIC_2988460,0,2.448887698847102e-06,0
ISIC_5591515,0,4.122620794078102e-06,0
ISIC_6158021,0,0.06592640280723572,0
ISIC_8138302,0,0.006894944701343775,0
ISIC_3586611,0,0.000319632061291486,0
ISIC_0919271,0,0.14682653546333313,0
ISIC_1240189,0,0.07963322103023529,0
ISIC_2798100,0,0.042969051748514175,0
ISIC_3559222,0,0.00033616364817135036,0
ISIC_6918981,0,0.06619034707546234,0
ISIC_5441132,0,0.004009196534752846,0
ISIC_9047350,0,0.018861813470721245,0
ISIC_8738598,0,0.00863436795771122,0
ISIC_6296308,0,0.002453718800097704,0
ISIC_1582577,0,0.003531718859449029,0
ISIC_6192573,0,0.4192441701889038,0
ISIC_9713959,0,0.007757889106869698,0
ISIC_5042770,0,0.294566810131073,0
ISIC_7595416,0,0.29467707872390747,0
ISIC_7400392,0,0.8091970682144165,1
ISIC_5329981,0,0.7978399395942688,1
ISIC_0362853,0,0.4334559142589569,0
ISIC_3471815,0,0.0006223975215107203,0
ISIC_9132168,0,0.0019414896378293633,0
ISIC_6411966,0,0.011922366917133331,0
ISIC_6733338,0,0.7109789848327637,1
ISIC_0763140,0,0.0018611194100230932,0
ISIC_3397174,0,0.00011021424870705232,0
ISIC_1050386,0,0.09237838536500931,0
ISIC_5588968,0,0.027354981750249863,0
ISIC_2612661,0,0.3952687382698059,0
ISIC_9828053,0,1.6972582670859993e-05,0
ISIC_1005544,0,0.020263001322746277,0
ISIC_3657663,0,0.17762719094753265,0
ISIC_5528990,0,0.5802451968193054,1
ISIC_8914322,0,0.0024958171416074038,0
ISIC_2400002,0,0.0003846059844363481,0
ISIC_9665206,0,0.0021135713905096054,0
ISIC_9214172,0,0.0004847215604968369,0
ISIC_2408815,1,0.8483085036277771,1
ISIC_9227754,0,0.7568177580833435,1
ISIC_9280358,0,0.5244726538658142,1
ISIC_4292703,0,0.060234829783439636,0
ISIC_8182668,0,2.159722953365417e-06,0
ISIC_1134882,0,0.00028495825245045125,0
ISIC_1819763,0,0.003245724132284522,0
ISIC_4024808,0,0.8262637257575989,1
ISIC_8222254,0,0.0001010691121337004,0
ISIC_7383585,0,0.6461008787155151,1
ISIC_0695575,0,0.9528022408485413,1
ISIC_6081738,0,0.0012820917181670666,0
ISIC_8033373,0,0.00017363467486575246,0
ISIC_7228524,0,0.26957371830940247,0
ISIC_5777294,0,0.0016284961020573974,0
ISIC_7226974,0,0.01072393637150526,0
ISIC_2511975,0,0.3602328300476074,0
ISIC_2415026,0,0.3862442076206207,0
ISIC_8182518,0,2.5942261345335282e-05,0
ISIC_1378910,0,0.7760226726531982,1
ISIC_3596927,0,0.00020336086163297296,0
ISIC_5853367,0,0.013561798259615898,0
ISIC_0268703,0,0.0016398793086409569,0
ISIC_4452168,0,0.4084908664226532,0
ISIC_9295349,0,0.030706331133842468,0
ISIC_6243910,0,0.0010995331685990095,0
ISIC_3093620,0,0.00011583646119106561,0
ISIC_1768243,0,0.11193890124559402,0
ISIC_0363161,0,0.4035017788410187,0
ISIC_5072343,0,0.0005964615265838802,0
ISIC_0881520,0,0.00038766476791352034,0
ISIC_7391660,0,0.09787465631961823,0
ISIC_8901238,0,0.10099424421787262,0
ISIC_9363564,0,0.3375336527824402,0
ISIC_8329709,0,0.35060474276542664,0
ISIC_4301302,0,0.026699725538492203,0
ISIC_8957571,0,0.0012223898665979505,0
ISIC_1725997,0,0.026760302484035492,0
ISIC_0835067,0,0.5585994720458984,1
ISIC_5445212,0,0.34235823154449463,0
ISIC_6855540,0,0.00014086536248214543,0
ISIC_3825762,0,0.027798525989055634,0
ISIC_8192501,0,0.6350051760673523,1
ISIC_4198984,0,0.00015665488899685442,0
ISIC_4433514,0,0.1401236206293106,0
ISIC_3335955,0,0.5211538672447205,1
ISIC_7796822,0,1.673590850259643e-05,0
ISIC_3732244,0,0.48522812128067017,0
ISIC_8479217,0,0.2694656550884247,0
ISIC_2885968,0,0.025937670841813087,0
ISIC_2644382,0,0.04379311949014664,0
ISIC_2493432,0,0.018846826627850533,0
ISIC_8296773,0,0.01418244931846857,0
ISIC_7135134,0,4.45452951680636e-06,0
ISIC_3100178,0,0.4791407287120819,0
ISIC_8322372,0,0.34343084692955017,0
ISIC_2093604,0,0.24727699160575867,0
ISIC_7522708,0,0.5169930458068848,1
ISIC_8846959,0,0.4342604875564575,0
ISIC_6445219,0,0.4887239933013916,0
ISIC_2051278,0,0.6126422882080078,1
ISIC_5692617,0,0.0020112493075430393,0
ISIC_3327201,0,0.582099199295044,1
ISIC_9096535,0,0.11750823259353638,0
ISIC_1307651,0,0.003291830886155367,0
ISIC_4945584,0,3.1102947559702443e-06,0
ISIC_1892350,0,0.14228877425193787,0
ISIC_5028203,0,0.005371067672967911,0
ISIC_9448271,0,0.04365949332714081,0
ISIC_0711907,0,0.09982552379369736,0
ISIC_0076995,0,0.013339530676603317,0
ISIC_8992166,0,0.00012120659812353551,0
ISIC_3704157,0,0.2633243203163147,0
ISIC_7868525,0,0.0001450130221201107,0
ISIC_6216261,0,0.08094043284654617,0
ISIC_8849117,0,0.0004152213514316827,0
ISIC_1670165,0,0.5019884705543518,1
ISIC_1603509,0,0.00028815606492571533,0
ISIC_0794216,0,0.007945782504975796,0
ISIC_3882159,0,2.4727901291043963e-06,0
ISIC_3738157,0,0.41231775283813477,0
ISIC_8536167,0,0.00975845381617546,0
ISIC_6593073,0,9.542661246086936e-06,0
ISIC_4357596,0,0.2392667531967163,0
ISIC_1818071,0,0.0015634462470188737,0
ISIC_1395471,0,0.001146609429270029,0
ISIC_9735832,0,0.5048770904541016,1
ISIC_0753080,0,4.678281766246073e-05,0
ISIC_8155787,0,0.19028708338737488,0
ISIC_2214766,0,0.23155595362186432,0
ISIC_5137911,0,0.44164395332336426,0
ISIC_2592534,0,0.6320652365684509,1
ISIC_9725585,0,2.097001561196521e-05,0
ISIC_6054977,0,0.5227639079093933,1
ISIC_1990514,0,0.002235880820080638,0
ISIC_2324440,0,0.014669070020318031,0
ISIC_6099698,0,0.7762681245803833,1
ISIC_5722526,0,0.0038003467489033937,0
ISIC_4346660,0,0.49490785598754883,0
ISIC_3452622,0,0.6049889326095581,1
ISIC_1880403,0,0.00016230001347139478,0
ISIC_0908662,0,0.04793880879878998,0
ISIC_8704257,0,0.7455593347549438,1
ISIC_5211080,0,0.9359873533248901,1
ISIC_3812485,0,1.678347325650975e-05,0
ISIC_5618431,0,0.0008995397947728634,0
ISIC_6938489,0,0.006400857586413622,0
ISIC_5593286,0,0.01025447528809309,0
ISIC_6188901,0,0.5055525898933411,1
ISIC_5839291,0,0.060415033251047134,0
ISIC_0914968,0,0.6541998982429504,1
ISIC_8941622,0,0.6332119703292847,1
ISIC_0280912,1,0.7161520719528198,1
ISIC_7424382,0,0.06480035930871964,0
ISIC_6556082,0,0.011496150866150856,0
ISIC_9745283,0,0.2351616621017456,0
ISIC_5495452,0,0.31368789076805115,0
ISIC_9966185,0,0.0025096305180341005,0
ISIC_9116593,0,0.00042057520477101207,0
ISIC_1608192,0,0.25483056902885437,0
ISIC_8147623,0,0.31666475534439087,0
ISIC_2982175,0,0.13325676321983337,0
ISIC_5382385,0,0.4923616647720337,0
ISIC_1652008,0,0.02832777425646782,0
ISIC_9891119,0,0.02801676280796528,0
ISIC_5726572,0,0.0028587596025317907,0
ISIC_0295104,0,6.482093886006624e-05,0
ISIC_4624352,0,0.16401447355747223,0
ISIC_0409276,0,0.5805896520614624,1
ISIC_4096292,0,0.0004077806952409446,0
ISIC_9644412,0,0.6514665484428406,1
ISIC_7194695,0,0.9199870824813843,1
ISIC_4955740,0,0.003207362489774823,0
ISIC_8549063,0,3.574572110665031e-05,0
ISIC_6800834,0,0.25503653287887573,0
ISIC_7658533,0,0.8668559193611145,1
ISIC_8706325,0,0.3482747972011566,0
ISIC_8007828,0,0.028564022853970528,0
ISIC_2053951,0,0.04318131506443024,0
ISIC_1627019,0,0.5089244246482849,1
ISIC_1248740,0,6.103347004682291e-06,0
ISIC_9443820,0,0.0005943320575170219,0
ISIC_0283957,0,0.6553306579589844,1
ISIC_3985494,0,4.182321845291881e-06,0
ISIC_4067024,0,2.8291187845752575e-05,0
ISIC_6628721,0,0.04571448266506195,0
ISIC_2604581,0,0.012555698864161968,0
ISIC_9880572,0,0.19498465955257416,0
ISIC_6383486,0,0.21524152159690857,0
ISIC_1581026,0,0.03886739909648895,0
ISIC_3109156,0,0.881069004535675,1
ISIC_1476176,0,0.0011226972565054893,0
ISIC_0718436,0,0.00241223257035017,0
ISIC_8084271,0,0.7306305170059204,1
ISIC_3772651,0,0.0006297007203102112,0
ISIC_9705832,0,0.018273167312145233,0
ISIC_9740471,0,0.38093435764312744,0
ISIC_0525554,0,0.11961918324232101,0
ISIC_6343199,0,0.0010733773233368993,0
ISIC_2085439,0,0.4538783133029938,0
ISIC_3800438,0,0.0312945730984211,0
ISIC_3677577,0,1.0304773240932263e-05,0
ISIC_6674918,0,0.635798454284668,1
ISIC_2637014,0,0.00026872125454247,0
ISIC_8626997,0,0.26149168610572815,0
ISIC_9085565,0,0.8577589392662048,1
ISIC_5794125,0,0.31689783930778503,0
ISIC_4719620,0,0.30115941166877747,0
ISIC_0180660,0,0.0003377637476660311,0
ISIC_5531796,0,0.0015479280846193433,0
ISIC_6137737,0,0.7446500658988953,1
ISIC_8436666,0,0.0033477735705673695,0
ISIC_5696426,0,0.017800871282815933,0
ISIC_1659460,0,0.00011423540126997977,0
ISIC_0651353,0,0.3838493227958679,0
ISIC_8350483,0,0.004520577844232321,0
ISIC_2550506,0,0.009707042016088963,0
ISIC_4665178,0,0.5144829750061035,1
ISIC_7339138,0,0.00034153310116380453,0
ISIC_8535451,0,0.00034471266553737223,0
ISIC_2021321,0,0.5317422151565552,1
ISIC_2372032,0,0.016852378845214844,0
ISIC_2470790,0,0.060347072780132294,0
ISIC_8197240,0,0.19739916920661926,0
ISIC_3285013,0,0.00023606738250236958,0
ISIC_1210565,0,0.29030269384384155,0
ISIC_1878972,0,0.09026402235031128,0
ISIC_3128203,0,0.02785980887711048,0
ISIC_8155634,0,0.0035130486357957125,0
ISIC_3985031,1,0.7839246988296509,1
ISIC_1382220,0,0.013112753629684448,0
ISIC_4252547,0,0.23054006695747375,0
ISIC_3339465,0,0.0005928797763772309,0
ISIC_2643411,0,0.2209204137325287,0
ISIC_6561769,0,0.8393182158470154,1
ISIC_5667403,0,0.03490674868226051,0
ISIC_2061933,0,0.0011513502104207873,0
ISIC_5692354,0,0.0076549057848751545,0
ISIC_5668727,0,0.0009456880507059395,0
ISIC_9241222,0,0.007883421145379543,0
ISIC_2144220,0,0.01897924765944481,0
ISIC_7960953,0,0.7173177599906921,1
ISIC_5053904,0,0.12081671506166458,0
ISIC_8146467,0,0.5480784177780151,1
ISIC_9578428,0,0.008012800477445126,0
ISIC_9195962,0,0.46075794100761414,0
ISIC_2215371,0,0.08659779280424118,0
ISIC_8821259,0,0.0140596404671669,0
ISIC_9870704,0,0.0008812332525849342,0
ISIC_1922234,0,0.5122926831245422,1
ISIC_5209265,0,0.001987688010558486,0
ISIC_8853995,0,0.002146441489458084,0
ISIC_9706789,0,0.5451067090034485,1
ISIC_1009958,0,0.0462055467069149,0
ISIC_4360908,0,0.03164791315793991,0
ISIC_2266320,0,0.48651713132858276,0
ISIC_6444653,0,0.5844207406044006,1
ISIC_4326917,0,0.4226055145263672,0
ISIC_5538778,0,0.6791156530380249,1
ISIC_2334224,0,0.0005487276357598603,0
ISIC_7741786,0,0.002512293867766857,0
ISIC_2049836,0,9.895645052893087e-05,0
ISIC_6208107,0,0.528497576713562,1
ISIC_5254982,0,0.21727177500724792,0
ISIC_8571262,0,0.08234410732984543,0
ISIC_1680600,0,0.6797934174537659,1
ISIC_5251429,0,0.20986022055149078,0
ISIC_2924486,0,0.2820169925689697,0
ISIC_7866476,0,8.399721991736442e-06,0
ISIC_4027816,0,0.21345698833465576,0
ISIC_6951506,0,0.14003905653953552,0
ISIC_0732626,0,0.011495690792798996,0
ISIC_6256797,0,6.845674215583131e-05,0
ISIC_2982232,0,0.6987158060073853,1
ISIC_7152347,0,0.03331898897886276,0
ISIC_3426714,0,0.021884702146053314,0
ISIC_5255299,0,0.234479621052742,0
ISIC_0959735,0,0.4060494601726532,0
ISIC_0915342,0,0.04572505131363869,0
ISIC_0928633,0,0.00030511579825542867,0
ISIC_7383511,0,0.0005474826321005821,0
ISIC_7605972,0,0.232248917222023,0
ISIC_4801098,0,0.0010008224053308368,0
ISIC_9896801,0,8.015126513782889e-05,0
ISIC_2539861,0,0.49373969435691833,0
ISIC_3785080,0,0.48849350214004517,0
ISIC_9360142,0,0.9542046785354614,1
ISIC_3082109,0,0.002095211762934923,0
ISIC_8297663,0,0.016626693308353424,0
ISIC_4976513,0,0.15319690108299255,0
ISIC_3729849,0,0.009172456339001656,0
ISIC_7124160,0,0.23404721915721893,0
ISIC_9680231,0,0.9386088252067566,1
ISIC_9699830,0,7.644530342076905e-07,0
ISIC_7193173,0,0.4172343313694,0
ISIC_9578109,0,0.9624469876289368,1
ISIC_0740118,0,0.0010711883660405874,0
ISIC_5997802,0,0.0005058054812252522,0
ISIC_6547083,0,0.025058642029762268,0
ISIC_2206577,0,0.3143908977508545,0
ISIC_5182592,0,0.03090560808777809,0
ISIC_6255113,1,0.8422146439552307,1
ISIC_4548947,0,0.00020599894924089313,0
ISIC_1653283,0,0.30195868015289307,0
ISIC_2881128,0,0.04501502588391304,0
ISIC_3705852,0,3.6198730413161684e-06,0
ISIC_5594546,0,0.12138667702674866,0
ISIC_1433669,0,4.0126742533175275e-05,0
ISIC_9662367,0,0.11646775901317596,0
ISIC_1325342,0,0.4584389626979828,0
ISIC_6699023,0,0.7895411849021912,1
ISIC_3624069,0,0.016918180510401726,0
ISIC_2723413,0,0.0006418661796487868,0
ISIC_3889380,0,0.6857293248176575,1
ISIC_2476876,0,0.0032900602091103792,0
ISIC_1789408,0,0.0004630692128557712,0
ISIC_9946910,0,0.0006360584520734847,0
ISIC_5632533,0,0.00040263260598294437,0
ISIC_9201657,0,0.097248375415802,0
ISIC_8938570,0,2.616168603708502e-05,0
ISIC_0316484,0,0.0018766866996884346,0
ISIC_9018978,0,0.012152240611612797,0
ISIC_1811909,0,0.497562438249588,0
ISIC_9726155,0,0.0011415804037824273,0
ISIC_4612015,0,0.8927152752876282,1
ISIC_2378211,0,0.021075626835227013,0
ISIC_1869634,0,0.0011475426144897938,0
ISIC_1190567,0,0.062259964644908905,0
ISIC_0833336,0,0.016626622527837753,0
ISIC_1059054,0,0.5857977271080017,1
ISIC_6992747,0,0.8862447738647461,1
ISIC_0941700,0,0.0004007827665191144,0
ISIC_0174983,0,0.00015447659825440496,0
ISIC_6550761,0,0.7901453375816345,1
ISIC_8556489,0,0.39921388030052185,0
ISIC_3329255,0,0.48894429206848145,0
ISIC_2074993,0,0.0002545885799918324,0
ISIC_7127269,0,0.5900360345840454,1
ISIC_1185468,0,0.6868578791618347,1
ISIC_2428698,0,0.19438636302947998,0
ISIC_7751233,0,0.027859924361109734,0
ISIC_6993129,0,0.002351015107706189,0
ISIC_3303825,0,0.834891140460968,1
ISIC_1971370,0,1.9560793589334935e-06,0
ISIC_7397129,0,0.3829430639743805,0
ISIC_3505829,0,0.000926271837670356,0
ISIC_5365015,0,0.49825769662857056,0
ISIC_5758388,1,0.7941953539848328,1
ISIC_6144433,0,0.13914334774017334,0
ISIC_4015361,0,7.841085789550561e-06,0
ISIC_5932383,0,0.15039002895355225,0
ISIC_7787763,0,0.0054970369674265385,0
ISIC_0089569,0,0.21741783618927002,0
ISIC_8442828,0,0.7749152779579163,1
ISIC_3549984,0,0.0941837951540947,0
ISIC_3460864,0,0.0061802431009709835,0
ISIC_5115473,0,0.5207954049110413,1
ISIC_3464057,0,0.030443251132965088,0
ISIC_5272766,0,0.00030887738103047013,0
ISIC_9174738,0,0.9307116866111755,1
ISIC_8314353,0,1.0948057934001554e-05,0
ISIC_8979026,0,0.0015012852381914854,0
ISIC_0599918,0,0.001304823555983603,0
ISIC_7915595,0,0.636089026927948,1
ISIC_4461610,0,0.3299621343612671,0
ISIC_2407121,0,0.5891309380531311,1
ISIC_4147719,0,0.0698007345199585,0
ISIC_1568268,0,0.3085551857948303,0
ISIC_9866767,0,0.0007805385976098478,0
ISIC_5278649,0,0.34830984473228455,0
ISIC_2536936,0,0.03662027046084404,0
ISIC_4869740,0,0.05270104482769966,0
ISIC_1305924,0,0.4408823251724243,0
ISIC_1738348,0,0.0008835946209728718,0
ISIC_3162024,0,0.00012824020814150572,0
ISIC_1937057,0,0.008141953498125076,0
ISIC_6964033,0,0.8496913909912109,1
ISIC_0523251,0,0.10183605551719666,0
ISIC_4228971,0,0.058618202805519104,0
ISIC_9327229,0,0.5210127830505371,1
ISIC_5918279,0,0.8469032645225525,1
ISIC_5348582,0,0.3879092335700989,0
ISIC_9692222,0,0.14895853400230408,0
ISIC_5905147,0,0.009739640168845654,0
ISIC_0861128,0,0.03549693152308464,0
ISIC_0347795,0,0.9266414642333984,1
ISIC_7399986,0,0.13320370018482208,0
ISIC_3064807,0,0.5521519184112549,1
ISIC_8209860,0,0.34272077679634094,0
ISIC_8832341,0,0.3595763146877289,0
ISIC_3449079,0,0.017087239772081375,0
ISIC_8199947,0,0.20404161512851715,0
ISIC_7715315,0,0.007108685094863176,0
ISIC_8395701,0,0.0001052125298883766,0
ISIC_7211424,0,0.0010810631792992353,0
ISIC_2747136,0,3.681807584143826e-06,0
ISIC_2513611,0,1.2708162103081122e-05,0
ISIC_7345367,0,0.08735211193561554,0
ISIC_0281179,0,0.42702165246009827,0
ISIC_4357821,0,0.24168667197227478,0
ISIC_3848572,0,0.3276218771934509,0
ISIC_6900579,0,0.16107168793678284,0
ISIC_6930690,0,0.7856131196022034,1
ISIC_6644834,0,0.0010868188692256808,0
ISIC_4853745,0,1.1630900189629756e-05,0
ISIC_0285095,0,0.48668456077575684,0
ISIC_6000183,0,0.5410031676292419,1
ISIC_3165765,0,0.43616220355033875,0
ISIC_2188423,0,2.091290070893592e-06,0
ISIC_5563008,0,4.126285421079956e-05,0
ISIC_9194220,0,0.11413974314928055,0
ISIC_8694888,0,0.09327767044305801,0
ISIC_4475657,0,0.008046973496675491,0
ISIC_6994237,0,0.13924157619476318,0
ISIC_5557777,0,0.0006244125543162227,0
ISIC_5880407,0,0.0018077777931466699,0
ISIC_9460903,0,0.622609555721283,1
ISIC_6520179,0,0.7909368872642517,1
ISIC_3947143,0,0.8831888437271118,1
ISIC_3830208,0,0.0135768111795187,0
ISIC_0179191,0,3.4572449294500984e-06,0
ISIC_0195699,0,8.987350156530738e-05,0
ISIC_5508076,0,0.7025132775306702,1
ISIC_4296456,0,0.006064579822123051,0
ISIC_8357679,0,0.00028405257035046816,0
ISIC_7752317,0,0.040074773132801056,0
ISIC_1194944,0,0.01592010259628296,0
ISIC_3812493,0,0.0041036102920770645,0
ISIC_9458782,0,0.026943892240524292,0
ISIC_8535844,0,0.5890787839889526,1
ISIC_8170849,0,0.00025020752218551934,0
ISIC_9264072,0,0.7628518342971802,1
ISIC_5198996,0,0.9076226353645325,1
ISIC_7520058,0,0.0001882903161458671,0
ISIC_0602494,0,0.0002851503959391266,0
ISIC_4034644,0,0.2273748815059662,0
ISIC_9458769,0,0.015152808278799057,0
ISIC_3365953,0,0.47807860374450684,0
ISIC_5556498,0,0.06716426461935043,0
ISIC_0179104,0,0.14143253862857819,0
ISIC_8472364,0,3.214153548469767e-05,0
ISIC_4533833,0,0.01894788071513176,0
ISIC_1854161,0,0.40615707635879517,0
ISIC_2652808,0,0.005057521630078554,0
ISIC_9417604,0,0.6189161539077759,1
ISIC_1245630,0,3.4467630030121654e-05,0
ISIC_8178689,0,0.19797952473163605,0
ISIC_0707619,0,0.6528823971748352,1
ISIC_1412350,0,0.0005544978776015341,0
ISIC_0427760,0,0.0008034065249375999,0
ISIC_6152094,0,0.08836300671100616,0
ISIC_5271496,0,0.3208767771720886,0
ISIC_1204619,0,0.5683261156082153,1
ISIC_5561003,1,0.670973539352417,1
ISIC_2342989,0,5.211355983192334e-06,0
ISIC_7293697,0,0.2195001244544983,0
ISIC_2861317,0,0.8592315316200256,1
ISIC_1368313,0,0.8930394649505615,1
ISIC_2258220,0,0.006112569943070412,0
ISIC_5920869,0,0.004911043681204319,0
ISIC_6203052,0,7.418570476147579e-06,0
ISIC_8549988,0,0.21077533066272736,0
ISIC_3091549,0,0.0707336962223053,0
ISIC_0177304,0,0.012270135805010796,0
ISIC_8642670,0,0.007428815588355064,0
ISIC_5468164,0,4.3746298615587875e-05,0
ISIC_5961333,0,0.668755292892456,1
ISIC_5579667,0,0.0014538473915308714,0
ISIC_8053864,0,0.011697731912136078,0
ISIC_8207033,0,0.4580067992210388,0
ISIC_9743002,0,0.4621255695819855,0
ISIC_5747907,0,0.4342050552368164,0
ISIC_4222275,0,0.00048441969556733966,0
ISIC_7805885,0,0.9193899631500244,1
ISIC_4132082,0,0.36935555934906006,0
ISIC_6502887,0,0.5968524217605591,1
ISIC_8996855,0,0.44991549849510193,0
ISIC_7991740,0,0.007483849301934242,0
ISIC_0678758,0,0.26848894357681274,0
ISIC_8340256,0,0.953036367893219,1
ISIC_8846654,0,0.0001764738408382982,0
ISIC_8383600,0,6.685114931315184e-05,0
ISIC_1657434,0,0.40437379479408264,0
ISIC_8298434,0,0.7058162689208984,1
ISIC_1922657,0,1.763372347340919e-05,0
ISIC_1590829,0,0.0005639840965159237,0
ISIC_3253098,0,4.2676801967900246e-05,0
ISIC_8336956,0,0.5986589193344116,1
ISIC_7948594,0,0.6986221671104431,1
ISIC_8686962,0,0.0005442583933472633,0
ISIC_9940466,0,0.0013128683203831315,0
ISIC_1467232,0,0.8265256285667419,1
ISIC_3392571,0,0.0017757304012775421,0
ISIC_2480608,0,0.8731691241264343,1
ISIC_0986955,0,0.08208724111318588,0
ISIC_6344673,0,0.00012785557191818953,0
ISIC_2712447,0,0.36352333426475525,0
ISIC_6228575,0,0.9303593039512634,1
ISIC_2603767,0,0.2917305827140808,0
ISIC_3868858,0,0.8974940776824951,1
ISIC_3105324,0,0.0037466625217348337,0
ISIC_7434918,0,0.04173753410577774,0
ISIC_7914875,0,0.008290456607937813,0
ISIC_0911414,0,0.009130195714533329,0
ISIC_6640686,0,0.0018917538691312075,0
ISIC_6096541,0,0.24863922595977783,0
ISIC_8904448,0,0.4995086193084717,0
ISIC_5368613,0,0.21075591444969177,0
ISIC_0083035,0,0.003229000372812152,0
ISIC_3487632,0,0.13352486491203308,0
ISIC_6540624,0,0.198292538523674,0
ISIC_9892668,0,0.16905128955841064,0
ISIC_1470917,0,0.0021069138310849667,0
ISIC_7164134,0,0.7882393598556519,1
ISIC_6260129,0,8.750984125072137e-05,0
ISIC_7146904,0,0.45522260665893555,0
ISIC_9594967,0,0.003594646230340004,0
ISIC_1098361,0,5.979279194434639e-06,0
ISIC_8799844,0,9.494839468970895e-05,0
ISIC_7358415,0,0.22920149564743042,0
ISIC_5148544,0,0.004657138604670763,0
ISIC_9500007,0,0.452814519405365,0
ISIC_1544093,0,0.01867239736020565,0
ISIC_2779521,0,1.0658608516678214e-05,0
ISIC_8319058,0,2.7717546799976844e-06,0
ISIC_9885953,0,0.0010831867111846805,0
ISIC_2709961,0,0.0019113345770165324,0
ISIC_6283893,0,0.0002276398881804198,0
ISIC_8218609,0,0.00017007692076731473,0
ISIC_0657123,0,0.0024218433536589146,0
ISIC_0165273,0,0.00336342491209507,0
ISIC_6661910,0,0.7888557314872742,1
ISIC_0691030,0,0.003084896132349968,0
ISIC_8060333,0,0.012236219830811024,0
ISIC_7095248,0,0.00031663247500546277,0
ISIC_2068866,0,0.07020637392997742,0
ISIC_8154864,0,0.00013507362746167928,0
ISIC_3633794,0,0.018268965184688568,0
ISIC_0647224,1,0.6125137209892273,1
ISIC_7889935,0,0.0032780154142528772,0
ISIC_9390305,0,0.044578611850738525,0
ISIC_9105740,0,0.13820068538188934,0
ISIC_6607895,0,0.22526969015598297,0
ISIC_5205454,0,0.48542094230651855,0
ISIC_5981087,0,0.000220917456317693,0
ISIC_1654357,0,0.7325245141983032,1
ISIC_9785687,0,0.6259192228317261,1
ISIC_9476664,0,0.569120466709137,1
ISIC_2845831,0,0.6478440761566162,1
ISIC_0820029,0,8.8174594566226e-05,0
ISIC_9945852,0,0.5924866795539856,1
ISIC_9729028,0,0.21931485831737518,0
ISIC_4781205,0,0.000271930533926934,0
ISIC_2217550,0,0.002828374970704317,0
ISIC_8045383,0,0.03630661219358444,0
ISIC_8883692,0,0.012189838103950024,0
ISIC_4957778,0,0.0010534744942560792,0
ISIC_4536982,0,0.0006034413236193359,0
ISIC_1608772,0,9.87241855909815e-06,0
ISIC_9955935,0,0.0013355470728129148,0
ISIC_0365032,0,0.09876317530870438,0
ISIC_4065779,0,0.0016956271138042212,0
ISIC_3357584,0,0.6675010323524475,1
ISIC_8217328,0,0.0004678408440668136,0
ISIC_5335049,0,0.3006329834461212,0
ISIC_7994548,0,1.4604423085984308e-05,0
ISIC_7524096,0,0.307362824678421,0
ISIC_9466790,0,0.6697925925254822,1
ISIC_1426974,0,0.293029248714447,0
ISIC_0639415,0,0.9176475405693054,1
ISIC_8663920,0,0.0025830422528088093,0
ISIC_4634479,0,0.0004270564531907439,0
ISIC_6039516,0,0.567798912525177,1
ISIC_4301050,0,0.527460515499115,1
ISIC_0313422,0,0.0009325413848273456,0
ISIC_0588328,0,0.008157159201800823,0
ISIC_8539990,0,0.00015927340427879244,0
ISIC_3361690,0,0.02385628968477249,0
ISIC_4498803,0,0.39214569330215454,0
ISIC_6567382,0,0.00016669266915414482,0
ISIC_7079599,0,0.07531851530075073,0
ISIC_6759615,0,0.01061759702861309,0
ISIC_5437766,0,0.3822108507156372,0
ISIC_2093988,0,0.6020858287811279,1
ISIC_6717322,0,0.0003063648473471403,0
ISIC_7876499,0,0.4848910868167877,0
ISIC_7291453,0,6.072465566830942e-06,0
ISIC_9448690,0,0.44960424304008484,0
ISIC_5907931,0,0.0002450015163049102,0
ISIC_5582679,0,0.866987943649292,1
ISIC_6133418,0,0.04752733185887337,0
ISIC_0307909,0,0.5986331701278687,1
ISIC_8706667,0,0.7243338823318481,1
ISIC_9183600,0,0.12146662920713425,0
ISIC_4231292,0,0.0014801337383687496,0
ISIC_5229218,0,0.001272602123208344,0
ISIC_9202003,0,2.6777522634802153e-06,0
ISIC_8292095,0,0.1423310488462448,0
ISIC_9290968,0,0.00021949101937934756,0
ISIC_2689912,0,0.4939797520637512,0
ISIC_2319387,0,0.07487773150205612,0
ISIC_1232778,0,0.00020584894809871912,0
ISIC_6151153,0,0.3725205957889557,0
ISIC_6470698,0,0.9560919404029846,1
ISIC_7712660,0,0.13109643757343292,0
ISIC_8501248,0,0.8439403176307678,1
ISIC_5581297,1,0.6753934621810913,1
ISIC_8755239,0,0.033311642706394196,0
ISIC_9824211,0,0.00012022494775010273,0
ISIC_2221993,0,0.4480126202106476,0
ISIC_4160636,0,0.8801960349082947,1
ISIC_3168448,0,0.7780572772026062,1
ISIC_9600205,0,0.05548487976193428,0
ISIC_5142275,0,0.7030619382858276,1
ISIC_7988794,0,2.9023538445471786e-05,0
ISIC_5233643,0,0.6308106184005737,1
ISIC_9851899,0,0.2905793786048889,0
ISIC_5786142,0,0.029360346496105194,0
ISIC_5821293,0,0.525887131690979,1
ISIC_8670684,0,0.022710245102643967,0
ISIC_2429070,0,1.9584012989071198e-05,0
ISIC_5359253,0,6.47848573862575e-05,0
ISIC_9888931,0,0.0002476119843777269,0
ISIC_4956766,0,0.0002887572627514601,0
ISIC_1484621,0,0.0514240562915802,0
ISIC_7358293,0,0.8953108787536621,1
ISIC_9170109,0,0.005786525085568428,0
ISIC_9016710,0,0.6691019535064697,1
ISIC_8899738,0,0.12680628895759583,0
ISIC_9291222,0,0.19350561499595642,0
ISIC_4216169,0,0.07770892232656479,0
ISIC_7995237,0,0.30927160382270813,0
ISIC_2520713,0,0.29219260811805725,0
ISIC_7607166,0,0.1638251394033432,0
ISIC_3499803,0,0.00020615810353774577,0
ISIC_9176491,0,0.0006832499639131129,0
ISIC_5011222,0,0.0030524125322699547,0
ISIC_8621568,1,0.44159987568855286,0
ISIC_7235371,0,0.24666595458984375,0
ISIC_3914743,0,0.1368498057126999,0
ISIC_8654660,0,0.4020129442214966,0
ISIC_7897484,0,0.6278842091560364,1
ISIC_9948820,0,0.18716460466384888,0
ISIC_6527244,0,0.0009460655855946243,0
ISIC_3125427,0,0.0001236706884810701,0
ISIC_6091609,0,0.022354617714881897,0
ISIC_8685266,0,0.34188103675842285,0
ISIC_6399531,0,1.2272575077076908e-05,0
ISIC_6299687,0,0.7638924717903137,1
ISIC_3023294,0,0.0020107850432395935,0
ISIC_1465841,0,0.8640491962432861,1
ISIC_4893602,0,0.45948031544685364,0
ISIC_8707625,0,0.08398430049419403,0
ISIC_7885531,0,0.14806823432445526,0
ISIC_4124060,0,0.013363249599933624,0
ISIC_0707244,0,0.006329450290650129,0
ISIC_4376261,0,0.6615923643112183,1
ISIC_2558940,0,0.07755475491285324,0
ISIC_3880938,0,0.36630719900131226,0
ISIC_9596685,0,0.002878079656511545,0
ISIC_8054028,0,0.003995035775005817,0
ISIC_6482577,0,0.05705263093113899,0
ISIC_9675057,0,0.0016665869625285268,0
ISIC_8992332,0,0.3029521405696869,0
ISIC_8712921,0,0.0005087800673209131,0
ISIC_7194471,0,0.9646983742713928,1
ISIC_0664452,0,0.004350978881120682,0
ISIC_7945429,0,0.0013016639277338982,0
ISIC_3693934,0,0.0003426235052756965,0
ISIC_3144222,1,0.763189435005188,1
ISIC_1640614,0,3.292202381999232e-05,0
ISIC_4702258,0,4.155411807005294e-05,0
ISIC_6843536,0,0.25227344036102295,0
ISIC_4012163,0,0.00012465205509215593,0
ISIC_3657182,0,0.6418716907501221,1
ISIC_4979909,0,0.25066009163856506,0
ISIC_3084780,0,0.05349034443497658,0
ISIC_0536454,0,0.8070278167724609,1
ISIC_4679347,0,0.3016495108604431,0
ISIC_5383549,0,0.00016131690063048154,0
ISIC_6250704,0,0.15082760155200958,0
ISIC_7166317,0,0.00041389017133042216,0
ISIC_1017622,0,0.0012945369817316532,0
ISIC_4977119,0,0.7777585983276367,1
ISIC_6446417,0,0.21971099078655243,0
ISIC_9972518,0,0.3293823003768921,0
ISIC_8157624,0,0.03945935145020485,0
ISIC_7708924,0,2.764757300610654e-05,0
ISIC_2647657,0,0.011550471186637878,0
ISIC_1626843,0,0.0010704604210332036,0
ISIC_6938217,0,0.0023636040277779102,0
ISIC_0287683,0,0.01634141616523266,0
ISIC_5513021,0,1.1366664693923667e-05,0
ISIC_5178216,0,0.000260969769442454,0
ISIC_1157850,0,0.5227908492088318,1
ISIC_8811596,0,0.06491831690073013,0
ISIC_3630605,0,0.5349173545837402,1
ISIC_5368668,0,0.7874808311462402,1
ISIC_6888012,0,0.00010466467210790142,0
ISIC_3742470,0,4.0920995161286555e-06,0
ISIC_0181017,0,0.3308945894241333,0
ISIC_7093333,0,0.564839780330658,1
ISIC_4263521,0,0.7728792428970337,1
ISIC_9091415,0,0.1491442620754242,0
ISIC_0258061,0,0.8727185130119324,1
ISIC_4684424,0,0.008949230425059795,0
ISIC_6244582,0,0.22578752040863037,0
ISIC_3740449,0,0.0008434794144704938,0
ISIC_5582591,0,0.0017038609366863966,0
ISIC_0565046,0,0.01970379240810871,0
ISIC_8328263,0,0.06312423944473267,0
ISIC_6358383,0,0.5391359925270081,1
ISIC_3575777,0,0.21054258942604065,0
ISIC_0323624,0,0.2484247386455536,0
ISIC_1299388,0,0.00047345951315946877,0
ISIC_7121344,0,0.004534912761300802,0
ISIC_2742503,0,4.4498228817246854e-05,0
ISIC_1096503,0,0.0810052827000618,0
ISIC_9424787,0,0.18113039433956146,0
ISIC_3305029,0,3.55404190486297e-05,0
ISIC_1321376,0,0.4983505308628082,0
ISIC_6267362,0,0.2706145644187927,0
ISIC_2914185,0,0.01039385050535202,0
ISIC_4061316,0,1.1233576515223831e-05,0
ISIC_2554708,0,0.17456220090389252,0
ISIC_4695815,0,0.03306255489587784,0
ISIC_0924427,1,0.8612166047096252,1
ISIC_7129083,0,0.0017197906272485852,0
ISIC_8762368,0,0.004567043390125036,0
ISIC_6281906,0,0.04402102902531624,0
ISIC_0166059,0,0.010770672932267189,0
ISIC_3840053,0,0.00019018814782612026,0
ISIC_8151700,0,0.003799114376306534,0
ISIC_0564568,0,0.860586941242218,1
ISIC_1761083,0,0.8594978451728821,1
ISIC_3254386,0,0.9421328902244568,1
ISIC_9037423,0,0.24752670526504517,0
ISIC_7810526,0,0.00025369180366396904,0
ISIC_9885210,0,0.05976880341768265,0
ISIC_3808070,0,0.7968700528144836,1
ISIC_9308624,0,0.5201402306556702,1
ISIC_8146629,0,0.22888468205928802,0
ISIC_4217321,0,0.042124226689338684,0
ISIC_2697910,0,0.5205785632133484,1
ISIC_5562344,0,0.4483136236667633,0
ISIC_5960427,0,0.07921437174081802,0
ISIC_6741822,0,0.0007437840104103088,0
ISIC_6351451,0,0.0025372428353875875,0
ISIC_0198375,0,6.991309055592865e-05,0
ISIC_0885048,0,0.0013455285225063562,0
ISIC_9561954,0,0.0011220157612115145,0
ISIC_7671381,0,0.0007777275168336928,0
ISIC_2861546,0,0.00042513557127676904,0
ISIC_4062090,0,0.0026670978404581547,0
ISIC_7861911,0,0.010035362094640732,0
ISIC_1190827,0,3.192938265783596e-06,0
ISIC_4278349,0,0.033903755247592926,0
ISIC_6517082,0,0.20186452567577362,0
ISIC_9713243,0,1.0811598258442245e-05,0
ISIC_6379690,0,0.001267156912945211,0
ISIC_0906465,0,1.6497609976795502e-05,0
ISIC_1953293,0,0.2509765625,0
ISIC_9568624,0,0.1730341911315918,0
ISIC_2204217,0,6.0531315284606535e-06,0
ISIC_4177761,0,0.004284616094082594,0
ISIC_6035362,0,0.037325356155633926,0
ISIC_0077735,0,0.00021767512953374535,0
ISIC_5434070,0,0.3775315284729004,0
ISIC_7220767,0,9.299019438913092e-06,0
ISIC_9806553,0,0.008860720321536064,0
ISIC_9502241,0,0.5533368587493896,1
ISIC_9414574,0,0.011905667372047901,0
ISIC_9103556,0,0.024030091241002083,0
ISIC_6125358,0,0.8882870674133301,1
ISIC_8272013,0,0.025593744590878487,0
ISIC_0642269,0,2.734529743975145e-06,0
ISIC_7753076,0,0.7105141282081604,1
ISIC_6491599,0,0.0021353266201913357,0
ISIC_5683393,0,0.637505292892456,1
ISIC_0775040,0,0.6376107335090637,1
ISIC_1536126,0,0.07450811564922333,0
ISIC_5449908,0,4.677603646996431e-05,0
ISIC_6309336,0,0.3585160970687866,0
ISIC_5393011,0,0.003972237929701805,0
ISIC_3385846,0,5.047187369200401e-05,0
ISIC_6888402,0,0.11843951046466827,0
ISIC_2650571,0,0.6071770787239075,1
ISIC_8764094,0,0.6043068170547485,1
ISIC_1960360,0,0.004559657536447048,0
ISIC_2815222,0,0.7567335367202759,1
ISIC_3174431,0,0.10482829064130783,0
ISIC_1514228,0,4.943570729665225e-06,0
ISIC_6696715,0,0.05167525261640549,0
ISIC_9796680,0,0.0010263366857543588,0
ISIC_8503849,0,0.46002474427223206,0
ISIC_3078678,0,9.973065061785746e-06,0
ISIC_4230049,1,0.7508358359336853,1
ISIC_6422710,0,0.009366772137582302,0
ISIC_3918592,0,0.0017422039527446032,0
ISIC_6384927,0,0.11227719485759735,0
ISIC_9685344,0,1.0837268291652435e-06,0
ISIC_7848045,0,0.00024943790049292147,0
ISIC_3816122,0,0.24388420581817627,0
ISIC_8614812,0,4.64448457933031e-05,0
ISIC_8143197,0,0.12365863472223282,0
ISIC_4124332,0,0.29639479517936707,0
ISIC_0850181,0,0.0003963718772865832,0
ISIC_8295834,0,8.378835627809167e-05,0
ISIC_8248696,0,0.794918954372406,1
ISIC_6978517,0,0.3520503640174866,0
ISIC_4894929,0,4.25565900741276e-07,0
ISIC_8311923,0,0.5382261872291565,1
ISIC_6165710,0,0.001954642590135336,0
ISIC_4786018,0,0.7377817630767822,1
ISIC_4781680,0,0.0007634817739017308,0
ISIC_6678326,0,0.5986373424530029,1
ISIC_2532544,0,0.00906420685350895,0
ISIC_2720426,0,0.7212563753128052,1
ISIC_1813240,0,2.3790731574990787e-05,0
ISIC_6392461,1,0.4542008340358734,0
ISIC_0887792,0,0.04929588362574577,0
ISIC_3110946,0,0.43563589453697205,0
ISIC_3503213,0,0.0003249621076975018,0
ISIC_2437106,0,0.9775090217590332,1
ISIC_9778786,0,0.0016236122464761138,0
ISIC_7567861,0,0.904900312423706,1
ISIC_4693693,0,0.9776623845100403,1
ISIC_6605541,0,0.03223225474357605,0
ISIC_7918476,0,0.9048216938972473,1
ISIC_9744755,0,0.05425599589943886,0
ISIC_6931277,1,0.17784012854099274,0
ISIC_6050515,0,0.001074303174391389,0
ISIC_8439858,0,6.319151725620031e-05,0
ISIC_9756188,0,0.7131066918373108,1
ISIC_5787620,0,4.774680201080628e-05,0
ISIC_5030416,0,0.0006984825595282018,0
ISIC_9865682,0,0.3277481198310852,0
ISIC_2487188,0,5.949190381215885e-06,0
ISIC_3692019,0,0.00047400451148860157,0
ISIC_2360135,0,2.017654878727626e-05,0
ISIC_9373089,0,0.003049634862691164,0
ISIC_6146357,0,0.03248472511768341,0
ISIC_5472629,0,0.0018744583940133452,0
ISIC_1976246,0,0.004192270804196596,0
ISIC_1195689,0,0.020359786227345467,0
ISIC_4014943,0,2.5646088488429086e-06,0
ISIC_6742185,0,0.9263505339622498,1
ISIC_0886805,0,3.851839210256003e-05,0
ISIC_8951909,1,0.11878682672977448,0
ISIC_4468439,0,0.00042353130993433297,0
ISIC_6971830,0,0.0007499255007132888,0
ISIC_5351400,0,0.35681796073913574,0
ISIC_7494625,0,0.7797463536262512,1
ISIC_4229473,1,0.9119065403938293,1
ISIC_9023460,0,0.29544004797935486,0
ISIC_0200174,0,0.011509797535836697,0
ISIC_6393699,0,1.2165937732788734e-05,0
ISIC_5930509,0,0.0006855014944449067,0
ISIC_6238709,0,0.12074987590312958,0
ISIC_6533307,0,0.11515392363071442,0
ISIC_1692734,0,0.916136622428894,1
ISIC_6962305,0,0.09970808029174805,0
ISIC_1241680,0,0.2846633791923523,0
ISIC_2197346,0,0.4041471779346466,0
ISIC_4924365,0,0.41683676838874817,0
ISIC_7718540,0,0.07193277776241302,0
ISIC_4400397,0,0.0012259690556675196,0
ISIC_9354947,0,0.010012960992753506,0
ISIC_3902917,0,0.6054140329360962,1
ISIC_1890263,0,0.5854111313819885,1
ISIC_6418122,0,4.0016799175646156e-05,0
ISIC_2568224,0,9.486368071520701e-05,0
ISIC_4581058,0,0.9137042164802551,1
ISIC_3126915,0,0.008355390280485153,0
ISIC_0481453,0,0.9592747092247009,1
ISIC_4430409,0,0.38625800609588623,0
ISIC_9182285,0,3.2056530471891165e-05,0
ISIC_1506954,0,0.0003759849932976067,0
ISIC_2712018,0,0.0009091304382309318,0
ISIC_2884405,0,0.009092179127037525,0
ISIC_6074454,0,0.9417503476142883,1
ISIC_4744974,0,0.0004905304522253573,0
ISIC_7976934,0,0.694998562335968,1
ISIC_2255411,1,0.7604336738586426,1
ISIC_8519931,0,0.0017933010822162032,0
ISIC_3309531,0,0.00838402844965458,0
ISIC_7853136,0,0.0032730121165513992,0
ISIC_9062432,0,0.020138539373874664,0
ISIC_0204994,0,0.793301522731781,1
ISIC_3633707,0,0.9174298644065857,1
ISIC_9895881,0,0.002313010161742568,0
ISIC_8841824,0,0.005535217467695475,0
ISIC_0753765,0,6.605951057281345e-05,0
ISIC_2276141,0,0.2370142638683319,0
ISIC_2366727,0,0.0007198924431577325,0
ISIC_1114312,0,0.46082156896591187,0
ISIC_5305757,0,0.00013722725270781666,0
ISIC_7786379,0,0.1296626776456833,0
ISIC_8238024,0,0.022378604859113693,0
ISIC_3159924,1,0.932263970375061,1
ISIC_8080124,0,3.7935359387120116e-07,0
ISIC_3224099,0,0.006542573682963848,0
ISIC_0547893,0,0.4561455547809601,0
ISIC_7115108,0,0.07605885714292526,0
ISIC_3442691,0,0.07199087738990784,0
ISIC_3673517,0,0.04004165902733803,0
ISIC_2525592,0,0.004148679785430431,0
ISIC_4084878,0,0.05141637101769447,0
ISIC_0099474,0,1.3348674656299409e-05,0
ISIC_5091815,0,0.0019483495270833373,0
ISIC_1264725,0,0.01080902200192213,0
ISIC_3534578,0,0.09080962836742401,0
ISIC_6590191,0,5.211750612943433e-05,0
ISIC_7150966,0,0.5213581919670105,1
ISIC_1161171,0,0.0016620054375380278,0
ISIC_9714255,0,0.00038941839011386037,0
ISIC_4335080,0,0.031432829797267914,0
ISIC_0399051,0,1.3460170521284454e-05,0
ISIC_5990316,0,0.017997024580836296,0
ISIC_6785041,0,0.6879222393035889,1
ISIC_1025009,0,0.03311074525117874,0
ISIC_4634378,0,0.06357887387275696,0
ISIC_7376321,0,0.3033788204193115,0
ISIC_8740452,0,0.03059287741780281,0
ISIC_4362713,1,0.9082745909690857,1
ISIC_2178834,0,0.054090168327093124,0
ISIC_6041664,0,0.9034454226493835,1
ISIC_2191924,0,0.4830929636955261,0
ISIC_0441886,0,1.8868327970267273e-05,0
ISIC_9534056,0,0.000101531419204548,0
ISIC_5191115,0,0.001556786010041833,0
ISIC_4136663,0,2.4485128960805014e-05,0
ISIC_1296663,0,0.16070693731307983,0
ISIC_9761658,0,0.0001533323957119137,0
ISIC_7604596,0,0.003358973190188408,0
ISIC_9055481,0,0.006125715561211109,0
ISIC_8781451,0,0.020702693611383438,0
ISIC_1640666,0,0.3682525157928467,0
ISIC_7634151,0,0.7898717522621155,1
ISIC_0266468,0,0.5475618243217468,1
ISIC_8337368,0,0.5515314340591431,1
ISIC_8972403,0,0.016522087156772614,0
ISIC_0444603,0,0.22934766113758087,0
ISIC_9965556,0,0.009604870341718197,0
ISIC_3183214,0,0.018226146697998047,0
ISIC_5655181,0,0.6919751763343811,1
ISIC_7853267,0,0.20782314240932465,0
ISIC_1253009,0,6.108552042860538e-05,0
ISIC_7403276,0,0.00011099725816166028,0
ISIC_1961213,0,0.5177342891693115,1
ISIC_1720856,0,0.02185930125415325,0
ISIC_3316688,0,0.5171507000923157,1
ISIC_3738290,0,0.5846575498580933,1
ISIC_2482899,0,0.015081606805324554,0
ISIC_4381427,0,0.0003594437148422003,0
ISIC_5702549,0,0.0012003530282527208,0
ISIC_9489813,0,0.05375920608639717,0
ISIC_4069633,0,0.0005219235317781568,0
ISIC_3372067,0,0.46861013770103455,0
ISIC_6990973,0,0.02145690657198429,0
ISIC_9093183,0,0.027054687961935997,0
ISIC_7284436,0,0.051276348531246185,0
ISIC_6041385,0,0.7223808765411377,1
ISIC_3365692,0,0.0359165333211422,0
ISIC_7070936,0,0.0006547169177792966,0
ISIC_0573656,0,0.045626696199178696,0
ISIC_5601024,0,3.427149067647406e-06,0
ISIC_3601493,0,0.25994664430618286,0
ISIC_5471948,0,0.0005004036356694996,0
ISIC_6697332,0,1.8354845451540314e-05,0
ISIC_2994633,0,4.931069634039886e-05,0
ISIC_0489729,0,0.9718897938728333,1
ISIC_6236556,0,0.02750164456665516,0
ISIC_2690597,0,0.00034392072120681405,0
ISIC_5307070,0,0.2577804625034332,0
ISIC_8798346,0,5.591276021732483e-06,0
ISIC_5258551,0,0.709259033203125,1
ISIC_9956744,0,0.0023101302795112133,0
ISIC_6474901,0,0.00984522607177496,0
ISIC_6122473,0,0.878909170627594,1
ISIC_4197781,0,0.15908914804458618,0
ISIC_3431020,0,0.10490866750478745,0
ISIC_7796174,0,0.0023622584994882345,0
ISIC_7185157,0,6.282378762989538e-06,0
ISIC_6588801,0,0.7265576720237732,1
ISIC_5848892,0,0.00025795327383093536,0
ISIC_5163183,0,0.5998243093490601,1
ISIC_9923630,0,0.5727264285087585,1
ISIC_9975974,0,0.8067581057548523,1
ISIC_0738510,0,0.2768027186393738,0
ISIC_9917958,0,0.002121521160006523,0
ISIC_0097499,0,1.0627469237078913e-05,0
ISIC_4162828,0,0.9453067779541016,1
ISIC_8539883,0,0.006648499518632889,0
ISIC_1637536,0,0.9309956431388855,1
ISIC_7438349,0,0.007368137128651142,0
ISIC_7707538,0,0.3824170231819153,0
ISIC_8827399,0,0.2782781422138214,0
ISIC_6311570,0,1.507352322960287e-07,0
ISIC_2939356,0,0.026601755991578102,0
ISIC_8593525,0,0.580022394657135,1
ISIC_9916654,0,0.00018935813568532467,0
ISIC_8922111,0,0.0012115101562812924,0
ISIC_6781041,0,0.009695827960968018,0
ISIC_6004886,0,1.232584963872796e-06,0
ISIC_7256179,0,5.4419473599409685e-05,0
ISIC_0467724,0,0.20600177347660065,0
ISIC_9511888,0,0.009164481423795223,0
ISIC_5470000,0,8.326196621055715e-06,0
ISIC_8780369,0,0.7897030711174011,1
ISIC_7494122,0,0.009965620003640652,0
ISIC_7643257,0,0.027788739651441574,0
ISIC_4537784,0,0.16300718486309052,0
ISIC_8584628,0,0.0008846493437886238,0
ISIC_6710411,0,0.06882335245609283,0
ISIC_3650668,0,0.5981454849243164,1
ISIC_5866381,0,0.8288219571113586,1
ISIC_8580834,0,0.15126213431358337,0
ISIC_4982097,0,0.0014232932589948177,0
ISIC_1769209,0,0.3361036479473114,0
ISIC_2845856,0,1.851623778748035e-06,0
ISIC_8247847,0,0.0010575263295322657,0
ISIC_0412915,0,0.0007425877847708762,0
ISIC_7230898,0,0.011786987073719501,0
ISIC_6826864,0,0.8580979704856873,1
ISIC_9169956,0,3.6096241728955647e-06,0
ISIC_6045560,0,0.696284294128418,1
ISIC_4645788,0,0.009534644894301891,0
ISIC_6770425,0,0.008836026303470135,0
ISIC_6340792,0,0.0028218196239322424,0
ISIC_1604845,0,0.005781852174550295,0
ISIC_9113283,0,0.06803686171770096,0
ISIC_7440448,0,0.6726536750793457,1
ISIC_9203812,0,0.29562073945999146,0
ISIC_1621961,0,8.523677388438955e-05,0
ISIC_3272526,0,0.120091013610363,0
ISIC_8206667,0,0.6262844800949097,1
ISIC_5176419,0,0.07203926891088486,0
ISIC_8649251,0,5.4346084652934223e-05,0
ISIC_4458567,0,0.798334538936615,1
ISIC_3023646,1,0.8927888870239258,1
ISIC_7167085,0,0.10888782143592834,0
ISIC_3359829,0,0.31430119276046753,0
ISIC_7284399,0,0.6767410635948181,1
ISIC_3864739,0,9.372623026138172e-05,0
ISIC_9286929,0,0.43501728773117065,0
ISIC_6927916,0,0.00020379468332976103,0
ISIC_3814474,0,0.13903586566448212,0
ISIC_7840368,0,0.0314863845705986,0
ISIC_2743014,0,0.00012212799629196525,0
ISIC_7370624,0,1.298342908739869e-06,0
ISIC_0925174,0,0.002947035478428006,0
ISIC_9664705,0,0.6048170328140259,1
ISIC_7563920,0,0.30891239643096924,0
ISIC_5389652,0,0.010657070204615593,0
ISIC_4448604,0,0.0026669087819755077,0
ISIC_3010059,0,0.05456496402621269,0
ISIC_5631712,0,6.10338747719652e-06,0
ISIC_4557337,0,0.2068454623222351,0
ISIC_7681336,0,0.5493568181991577,1
ISIC_4372880,0,0.0005864340928383172,0
ISIC_4253846,0,0.4231995940208435,0
ISIC_1836352,0,0.5543922185897827,1
ISIC_4628654,0,0.19387033581733704,0
ISIC_8544021,0,0.3626134991645813,0
ISIC_3959262,0,0.0950360968708992,0
ISIC_1386612,0,0.433193564414978,0
ISIC_7824420,0,0.5482779145240784,1
ISIC_2010698,0,0.6285834908485413,1
ISIC_9490969,0,0.0002247900702059269,0
ISIC_7014092,0,0.0004523781535681337,0
ISIC_0149527,0,0.3135874271392822,0
ISIC_3699523,0,0.9181944727897644,1
ISIC_2042797,0,0.0001625734003027901,0
ISIC_8574269,0,0.8118705153465271,1
ISIC_7888517,0,0.4106007218360901,0
ISIC_9660528,0,0.3385502099990845,0
ISIC_7593561,0,0.029072977602481842,0
ISIC_2298329,0,0.21894660592079163,0
ISIC_8609756,1,0.7865356802940369,1
ISIC_9197054,0,0.1223931610584259,0
ISIC_9517489,0,0.4449161887168884,0
ISIC_5565696,0,0.5107651352882385,1
ISIC_7325881,0,0.043219324201345444,0
ISIC_5910975,0,0.5429335832595825,1
ISIC_3408742,0,0.0008759245392866433,0
ISIC_9770439,0,0.017034223303198814,0
ISIC_9169422,0,0.00015493537648580968,0
ISIC_5909451,0,3.541959449648857e-05,0
ISIC_3917593,0,0.06465226411819458,0
ISIC_5721677,0,7.671832463529427e-06,0
ISIC_6638499,0,4.275108949514106e-06,0
ISIC_2716574,0,9.981326729757711e-05,0
ISIC_6469123,0,0.0027037786785513163,0
ISIC_2719558,0,0.3145013749599457,0
ISIC_6821459,0,0.6743516325950623,1
ISIC_2843983,0,0.02537871152162552,0
ISIC_9514183,0,1.293689820158761e-05,0
ISIC_8296881,0,0.014172999188303947,0
ISIC_4784726,0,0.20834146440029144,0
ISIC_3361955,0,0.011517314240336418,0
ISIC_5116614,0,0.0001262543082702905,0
ISIC_5666786,0,0.5650815963745117,1
ISIC_8923299,0,0.022360386326909065,0
ISIC_9024615,0,0.01672639697790146,0
ISIC_1363787,0,0.0007510100258514285,0
ISIC_9701912,0,0.01060463022440672,0
ISIC_6008380,0,0.3135995864868164,0
ISIC_1716626,0,0.41493523120880127,0
ISIC_4455601,0,0.002059002174064517,0
ISIC_0311412,0,0.059969495981931686,0
ISIC_1353532,0,0.0007183264242485166,0
ISIC_7100813,0,0.6911563277244568,1
ISIC_1795959,0,0.5387502908706665,1
ISIC_3782359,0,0.11562175303697586,0
ISIC_6003494,0,0.0002143385208910331,0
ISIC_7384213,0,0.003043999196961522,0
ISIC_5201151,0,0.3768469989299774,0
ISIC_3378691,0,0.03875923156738281,0
ISIC_4828093,0,0.015658363699913025,0
ISIC_8701361,0,0.004042963031679392,0
ISIC_8918259,0,3.3334742965962505e-06,0
ISIC_3733112,0,0.5466085076332092,1
ISIC_2735754,0,7.338607974816114e-05,0
ISIC_5101111,0,0.7354318499565125,1
ISIC_9480417,0,0.13294847309589386,0
ISIC_2907732,0,0.013138188049197197,0
ISIC_7976522,0,0.48954957723617554,0
ISIC_3599724,0,0.025121545419096947,0
ISIC_1253292,0,0.36371028423309326,0
ISIC_7464965,0,0.4234943389892578,0
ISIC_5731710,0,0.0006796109373681247,0
ISIC_8559515,0,0.018938707187771797,0
ISIC_5266650,0,0.17429067194461823,0
ISIC_4534433,0,0.40984416007995605,0
ISIC_9672719,0,0.0005632008542306721,0
ISIC_0725711,0,0.6475220322608948,1
ISIC_6170025,0,0.002233155071735382,0
ISIC_2507096,0,0.1353013962507248,0
ISIC_4657078,0,0.37322473526000977,0
ISIC_0552953,0,0.0006440780707634985,0
ISIC_9150700,0,0.20150694251060486,0
ISIC_5360115,0,0.27918869256973267,0
ISIC_2822749,0,0.004996804986149073,0
ISIC_5883505,0,0.6618289351463318,1
ISIC_0963460,0,0.010267646983265877,0
ISIC_0633126,0,0.00048655050341039896,0
ISIC_5832792,0,0.006593296770006418,0
ISIC_2574351,0,3.204783752153162e-06,0
ISIC_3805329,0,0.0018783181440085173,0
ISIC_4377193,0,0.9272010922431946,1
ISIC_2782066,0,0.00046882679453119636,0
ISIC_2056104,0,0.02550118789076805,0
ISIC_9809544,0,0.3790721893310547,0
ISIC_3745724,0,0.0007955521577969193,0
ISIC_6114220,0,0.11193890124559402,0
ISIC_9465061,0,0.6353961229324341,1
ISIC_0477201,0,0.614146888256073,1
ISIC_2710887,0,0.8733569979667664,1
ISIC_3237290,0,0.19875922799110413,0
ISIC_1830017,0,4.6765799197601154e-06,0
ISIC_8116363,0,0.1691928505897522,0
ISIC_7920543,0,0.009359201416373253,0
ISIC_0963536,0,2.0986479285056703e-05,0
ISIC_3746410,0,7.102823474269826e-06,0
ISIC_5134680,0,0.07465106248855591,0
ISIC_3561065,1,0.9448956847190857,1
ISIC_7227223,0,0.00027671322459354997,0
ISIC_2119008,0,0.07744476944208145,0
ISIC_9589883,0,0.5643831491470337,1
ISIC_7270233,0,0.7976083159446716,1
ISIC_9622250,0,0.0016527505358681083,0
ISIC_8073521,0,0.28775346279144287,0
ISIC_4067241,0,6.057660357328132e-05,0
ISIC_0570690,0,0.0033246376551687717,0
ISIC_7301359,0,0.10803905874490738,0
ISIC_6707991,0,0.4690835475921631,0
ISIC_9012721,0,0.00015113572590053082,0
ISIC_6684371,0,0.0006306439754553139,0
ISIC_1865347,0,0.8295472860336304,1
ISIC_7986405,0,0.17627061903476715,0
ISIC_3996636,0,0.30162617564201355,0
ISIC_3911901,0,0.9762439131736755,1
ISIC_0504868,0,0.17496538162231445,0
ISIC_4030935,0,0.7431358098983765,1
ISIC_7020578,0,0.18075397610664368,0
ISIC_3073339,0,0.32204577326774597,0
ISIC_5252266,0,0.010256363078951836,0
ISIC_7073263,0,0.006811191793531179,0
ISIC_7436851,0,0.17077840864658356,0
ISIC_2711019,0,0.06965767592191696,0
ISIC_4618918,0,0.5233684182167053,1
ISIC_0681844,0,0.003277192823588848,0
ISIC_9016941,0,0.7256669998168945,1
ISIC_7021739,0,0.0004600698594003916,0
ISIC_2512574,0,0.7680492401123047,1
ISIC_7344014,0,0.0010471001733094454,0
ISIC_7027477,0,0.004501132760196924,0
ISIC_3377954,0,0.0009752769838087261,0
ISIC_2749059,0,0.38509735465049744,0
ISIC_7266736,0,0.03560379147529602,0
ISIC_9600586,0,0.2996214032173157,0
ISIC_0355705,0,0.730061948299408,1
ISIC_5627447,0,0.19215406477451324,0
ISIC_5917605,0,0.7403009533882141,1
ISIC_1771684,0,0.11410941928625107,0
ISIC_2601166,0,4.635970981325954e-05,0
ISIC_4054195,0,0.030106885358691216,0
ISIC_6172538,0,0.00016247964231297374,0
ISIC_0714807,0,0.18270038068294525,0
ISIC_7988735,0,0.029831139370799065,0
ISIC_3669954,0,0.9018006324768066,1
ISIC_8343285,0,0.00036036220262758434,0
ISIC_7782274,0,0.7481110692024231,1
ISIC_2293804,0,0.0023280391469597816,0
ISIC_2027733,0,3.467814531177282e-05,0
ISIC_5639154,0,0.0015574152348563075,0
ISIC_6807667,0,0.21597537398338318,0
ISIC_8932755,0,0.34719809889793396,0
ISIC_1087924,0,0.8428615927696228,1
ISIC_7274397,0,0.09121158719062805,0
ISIC_8514170,0,0.1784651279449463,0
ISIC_7106848,0,3.8768134800193366e-06,0
ISIC_6800044,0,4.0085513319354504e-05,0
ISIC_1352190,0,0.006357013247907162,0
ISIC_6901670,0,0.0020033924374729395,0
ISIC_5617191,0,0.6766471266746521,1
ISIC_1585919,0,0.934752345085144,1
ISIC_9200123,0,0.5507383942604065,1
ISIC_8595062,0,0.014777026139199734,0
ISIC_6924549,0,0.6509720087051392,1
ISIC_0248321,0,0.09289231896400452,0
ISIC_7270945,0,0.1239091083407402,0
ISIC_7894765,0,0.01564437709748745,0
ISIC_3649363,0,0.0004958900972269475,0
ISIC_8414559,0,0.09764695167541504,0
ISIC_1811190,0,0.764012336730957,1
ISIC_5611104,0,0.015644604340195656,0
ISIC_0530054,0,0.0893358588218689,0
ISIC_0459155,0,0.17390228807926178,0
ISIC_1379405,0,0.00680431816726923,0
ISIC_3370062,0,0.001056455890648067,0
ISIC_2587955,0,0.00665901368483901,0
ISIC_6694724,0,0.7797511219978333,1
ISIC_9595171,0,0.3470630347728729,0
ISIC_5077627,0,0.0004275627143215388,0
ISIC_5357350,0,0.5940679907798767,1
ISIC_7484011,0,0.01665104366838932,0
ISIC_7233703,0,0.023936232551932335,0
ISIC_9255522,0,0.08554179966449738,0
ISIC_9151182,0,0.08494191616773605,0
ISIC_3137393,0,2.8859154554083943e-05,0
ISIC_7550852,0,0.05521675944328308,0
ISIC_0978977,0,0.000171862164279446,0
ISIC_7424388,0,0.7924050092697144,1
ISIC_6271401,0,3.058320362470113e-05,0
ISIC_3095085,0,0.5680487155914307,1
ISIC_4200081,0,0.0011026122374460101,0
ISIC_7867077,0,1.869425250333734e-05,0
ISIC_0845105,0,2.1712696252507158e-05,0
ISIC_1122524,0,0.00029117235681042075,0
ISIC_5732201,1,0.5169979929924011,1
ISIC_3622085,0,0.5834946036338806,1
ISIC_6008119,0,1.4158501471683849e-05,0
ISIC_0243148,0,0.0006565342773683369,0
ISIC_7877034,0,0.7211800813674927,1
ISIC_8653749,0,0.26753517985343933,0
ISIC_3223299,0,0.0008817498455755413,0
ISIC_9393085,0,2.5807899874052964e-05,0
ISIC_9635270,0,0.7411030530929565,1
ISIC_2075372,0,1.2380772204778623e-05,0
ISIC_0375073,0,0.17296186089515686,0
ISIC_1085285,0,0.20722165703773499,0
ISIC_8811316,0,0.03575025498867035,0
ISIC_1964334,0,0.0021861742716282606,0
ISIC_2155899,0,0.09801121056079865,0
ISIC_0518127,0,2.0247865961664502e-07,0
ISIC_1688160,0,0.3320632874965668,0
ISIC_5233978,0,0.5443989038467407,1
ISIC_8195528,0,0.0023704443592578173,0
ISIC_2882945,0,0.00342898303642869,0
ISIC_7329395,0,0.00010738918354036286,0
ISIC_8115116,0,0.9872652292251587,1
ISIC_3919589,0,0.00025948506663553417,0
ISIC_7197601,0,0.5801092982292175,1
ISIC_9241834,0,0.0002161360316677019,0
ISIC_0384407,0,3.8324567867675796e-05,0
ISIC_3550288,0,0.000807600503321737,0
ISIC_8860929,0,0.5692534446716309,1
ISIC_3862917,0,0.14986923336982727,0
ISIC_2775638,0,0.8878635168075562,1
ISIC_1610401,0,0.00013384930207394063,0
ISIC_7279273,0,0.17639830708503723,0
ISIC_1301591,0,0.015382780693471432,0
ISIC_9997221,0,0.33350369334220886,0
ISIC_8779825,0,0.1625809371471405,0
ISIC_9364350,0,0.12668722867965698,0
ISIC_3673482,0,0.3889256417751312,0
ISIC_9768834,0,0.6609193682670593,1
ISIC_8381313,0,0.9126471281051636,1
ISIC_2307760,0,8.011902536964044e-06,0
ISIC_3484662,0,0.8812220096588135,1
ISIC_6211801,0,0.40310707688331604,0
ISIC_7082703,0,0.17727011442184448,0
ISIC_7282441,0,0.19510114192962646,0
ISIC_0477898,0,0.05434204638004303,0
ISIC_8471137,0,0.4726761281490326,0
ISIC_1266707,0,0.3522402346134186,0
ISIC_0775393,0,0.40433013439178467,0
ISIC_2305427,0,5.763311946793692e-06,0
ISIC_5467356,0,0.002397825475782156,0
ISIC_0951791,0,0.3859318494796753,0
ISIC_1853799,0,0.2873804569244385,0
ISIC_1240485,0,1.0673275937733706e-05,0
ISIC_4383671,0,0.06315378099679947,0
ISIC_6321436,0,0.002319051418453455,0
ISIC_3707770,0,0.023067714646458626,0
ISIC_0325416,0,0.7986612915992737,1
ISIC_2645689,0,0.6143960952758789,1
ISIC_9429870,0,0.4576798975467682,0
ISIC_1489934,0,0.0026076077483594418,0
ISIC_9806554,0,0.9284997582435608,1
ISIC_6304068,0,4.7758101572981104e-05,0
ISIC_2194936,0,0.0005083056748844683,0
ISIC_3552016,0,5.242830593488179e-05,0
ISIC_7882022,0,0.3988082706928253,0
ISIC_5037592,0,0.6092615723609924,1
ISIC_2907527,0,0.14225290715694427,0
ISIC_0906076,0,0.30253639817237854,0
ISIC_8433548,0,0.0006424941238947213,0
ISIC_5170196,0,4.247217293595895e-05,0
ISIC_4505293,0,2.3876897103036754e-05,0
ISIC_3302405,0,0.00226863962598145,0
ISIC_7342914,0,0.7511281371116638,1
ISIC_3955539,0,0.00023279644665308297,0
ISIC_2639079,0,0.1967032104730606,0
ISIC_3198111,0,0.06484811753034592,0
ISIC_6931468,0,0.8472874164581299,1
ISIC_4087851,0,0.0014195935800671577,0
ISIC_2286170,0,5.061695264885202e-05,0
ISIC_5098722,0,0.0004202852142043412,0
ISIC_7016255,0,0.6702744364738464,1
ISIC_9438011,0,0.44978201389312744,0
ISIC_5128793,0,0.003621418960392475,0
ISIC_0389955,0,0.209150031208992,0
ISIC_7180706,0,0.000821766268927604,0
ISIC_5307210,0,0.03802501782774925,0
ISIC_8827745,0,0.0011431321036070585,0
ISIC_6665380,0,0.45847535133361816,0
ISIC_3060248,0,0.5851438641548157,1
ISIC_7205493,0,4.42214923168649e-06,0
ISIC_4389962,0,0.04493340477347374,0
ISIC_1784340,0,0.6982399225234985,1
ISIC_8851901,0,0.942206084728241,1
ISIC_0985298,0,0.28686562180519104,0
ISIC_2292028,0,0.8669049739837646,1
ISIC_1450745,0,0.006083508022129536,0
ISIC_6577767,0,0.09466693550348282,0
ISIC_4490077,0,0.25592321157455444,0
ISIC_1390308,0,0.1487835943698883,0
ISIC_1037260,0,3.136151281069033e-05,0
ISIC_8662707,0,0.18231281638145447,0
ISIC_1442186,0,0.6068443059921265,1
ISIC_6381283,0,0.043244313448667526,0
ISIC_3381981,0,0.0585634708404541,0
ISIC_7183541,0,0.9098641276359558,1
ISIC_5331089,0,0.9708889722824097,1
ISIC_3565787,0,0.5596649646759033,1
ISIC_2845104,0,0.4670102298259735,0
ISIC_9985224,0,0.004134397488087416,0
ISIC_5637192,0,0.0007688766927458346,0
ISIC_1545489,0,0.008584418334066868,0
ISIC_4844937,0,0.21559108793735504,0
ISIC_9162451,0,0.0003513190313242376,0
ISIC_6336454,0,0.001376532600261271,0
ISIC_3228446,0,0.14921526610851288,0
ISIC_2015265,0,0.008640398271381855,0
ISIC_2628563,0,0.36342570185661316,0
ISIC_5076396,0,0.04677403345704079,0
ISIC_2313297,0,0.2187134176492691,0
ISIC_4947205,0,6.983639468671754e-05,0
ISIC_3448409,0,0.20072047412395477,0
ISIC_8635889,0,4.621541393134976e-06,0
ISIC_6237799,0,0.2999929189682007,0
ISIC_4782254,0,0.2502271831035614,0
ISIC_7386340,0,0.00210399879142642,0
ISIC_7168935,0,0.257887065410614,0
ISIC_3448546,0,0.27735427021980286,0
ISIC_9797914,0,0.0837504118680954,0
ISIC_9150627,0,0.24908769130706787,0
ISIC_3117632,0,0.05212286487221718,0
ISIC_6933471,0,0.002056102268397808,0
ISIC_8926826,0,0.06458595395088196,0
ISIC_1424655,0,0.026014160364866257,0
ISIC_8992925,0,0.8152910470962524,1
ISIC_8680204,0,0.011444726027548313,0
ISIC_7680333,0,0.0036893722135573626,0
ISIC_7519274,0,0.0016350438818335533,0
ISIC_3469442,0,0.001450869720429182,0
ISIC_0438136,0,0.022250382229685783,0
ISIC_3356316,0,0.0007857640157453716,0
ISIC_2623103,0,3.221143560949713e-05,0
ISIC_4732353,0,0.7025102972984314,1
ISIC_4891233,0,0.8387459516525269,1
ISIC_1825131,0,0.002039925428107381,0
ISIC_1849442,0,0.10668228566646576,0
ISIC_9547725,1,0.8472986817359924,1
ISIC_7352886,0,0.027608098462224007,0
ISIC_8902080,0,0.004896977916359901,0
ISIC_7978358,0,0.05629125237464905,0
ISIC_8821164,0,0.04368956759572029,0
ISIC_1074551,0,0.032563336193561554,0
ISIC_9876004,0,1.6271422282443382e-05,0
ISIC_3856289,0,0.7143581509590149,1
ISIC_0935859,0,0.005291957873851061,0
ISIC_8276527,0,1.7059278434317093e-06,0
ISIC_0700213,0,0.007990537211298943,0
ISIC_5297111,0,0.006352830678224564,0
ISIC_4617417,0,0.006999240256845951,0
ISIC_2957102,0,0.2991608679294586,0
ISIC_5809019,0,0.06517487019300461,0
ISIC_0343061,0,0.8285221457481384,1
ISIC_0654462,0,0.0037072126287966967,0
ISIC_9646356,0,0.44641920924186707,0
ISIC_2238376,0,0.0011776188621297479,0
ISIC_8978063,0,0.6521574258804321,1
ISIC_2279449,0,0.1270304024219513,0
ISIC_6291051,0,4.4164375140098855e-05,0
ISIC_9562106,0,1.534481270937249e-05,0
ISIC_5853048,0,0.00015800789697095752,0
ISIC_5290569,0,4.658308171201497e-06,0
ISIC_1137455,0,0.9224191308021545,1
ISIC_2930522,0,0.5898720622062683,1
ISIC_6319958,0,0.0007524986867792904,0
ISIC_9918584,0,0.017842361703515053,0
ISIC_5588819,0,0.0004905065870843828,0
ISIC_9629757,0,0.0009910856606438756,0
ISIC_5407936,0,0.03614598140120506,0
ISIC_4821865,0,0.0006824771990068257,0
ISIC_4566200,0,0.9284725189208984,1
ISIC_4219607,0,0.006668802350759506,0
ISIC_7653664,0,0.48336225748062134,0
ISIC_7161069,0,0.023169517517089844,0
ISIC_8066660,0,0.9387178421020508,1
ISIC_5205426,0,0.4105110764503479,0
ISIC_9540352,0,0.8877326846122742,1
ISIC_3985273,0,0.01138216070830822,0
ISIC_8126172,0,0.00928791705518961,0
ISIC_3911850,0,7.226867455756292e-05,0
ISIC_3964454,0,0.16047081351280212,0
ISIC_2921933,0,0.0010139925871044397,0
ISIC_6705662,0,6.925450634298613e-06,0
ISIC_1852015,0,0.031876400113105774,0
ISIC_9577512,0,0.10390553623437881,0
ISIC_5143697,0,0.8186289072036743,1
ISIC_5946750,0,0.804850697517395,1
ISIC_3635014,0,0.01832718402147293,0
ISIC_0263178,0,0.8594493269920349,1
ISIC_8668530,0,0.0013361889868974686,0
ISIC_2400177,0,0.22466161847114563,0
ISIC_8420927,0,0.14513228833675385,0
ISIC_0765397,0,0.0051627568900585175,0
ISIC_1428473,0,0.8839386701583862,1
ISIC_8609722,0,0.03093256987631321,0
ISIC_4457207,0,0.00035808587563224137,0
ISIC_1739667,0,0.005929227918386459,0
ISIC_8280581,0,0.0005230791866779327,0
ISIC_3531277,0,0.28128084540367126,0
ISIC_0295323,0,0.00254476978443563,0
ISIC_5167209,1,0.3887251615524292,0
ISIC_6420431,0,0.00025085435481742024,0
ISIC_2892384,0,0.08202541619539261,0
ISIC_2099315,0,0.02047811634838581,0
ISIC_8559778,0,0.013014473021030426,0
ISIC_5588302,0,0.39968934655189514,0
ISIC_4184433,0,0.13665951788425446,0
ISIC_9071758,0,0.14123669266700745,0
ISIC_6093041,0,0.372292697429657,0
ISIC_2937826,0,0.0001829106331570074,0
ISIC_9826904,0,0.6061286926269531,1
ISIC_9516457,0,2.2348824131768197e-05,0
ISIC_5385299,0,0.038878656923770905,0
ISIC_4209819,0,0.5738081336021423,1
ISIC_7320371,1,0.9680233597755432,1
ISIC_3834800,0,0.5510737895965576,1
ISIC_5495649,0,0.694237470626831,1
ISIC_3416107,1,0.9648873209953308,1
ISIC_7670149,0,0.34574735164642334,0
ISIC_1514920,0,0.09620092809200287,0
ISIC_8838213,0,0.0028399049770087004,0
ISIC_3318860,0,0.6348310708999634,1
ISIC_8676305,0,1.3924581253377255e-05,0
ISIC_4719895,0,5.3642277634935454e-05,0
ISIC_8101117,0,0.6350910067558289,1
ISIC_5250674,0,0.006006980314850807,0
ISIC_4506174,0,0.40428319573402405,0
ISIC_9232519,0,0.2701857388019562,0
ISIC_0361741,0,0.0004674570227507502,0
ISIC_5477879,0,0.036832742393016815,0
ISIC_8320640,0,0.13847196102142334,0
ISIC_8821279,0,0.0311150960624218,0
ISIC_6648052,0,0.0007634210051037371,0
ISIC_1616451,0,4.053195152664557e-05,0
ISIC_7686795,0,8.1138830864802e-05,0
ISIC_5257137,0,3.3291795261902735e-05,0
ISIC_2632471,0,1.9709057596628554e-05,0
ISIC_4084431,0,0.08548567444086075,0
ISIC_2785296,0,0.18529699742794037,0
ISIC_4456975,0,0.06781554967164993,0
ISIC_9209840,0,7.200527034001425e-05,0
ISIC_0370008,0,0.11800872534513474,0
ISIC_2370610,0,0.12191774696111679,0
ISIC_1473379,0,0.03085825964808464,0
ISIC_0295820,0,0.0013198453234508634,0
ISIC_8285182,0,7.41086041671224e-05,0
ISIC_0708600,0,0.6255115270614624,1
ISIC_6428020,0,0.0003086156793870032,0
ISIC_4986451,0,0.006179091986268759,0
ISIC_6025542,0,0.8177027702331543,1
ISIC_2355374,0,0.009550085291266441,0
ISIC_3589379,0,0.0004108238499611616,0
ISIC_0474481,0,0.08214955031871796,0
ISIC_8742407,0,0.003467800561338663,0
ISIC_0186437,0,0.0021700437646359205,0
ISIC_9408359,0,0.005649189464747906,0
ISIC_5410088,0,0.000949799723457545,0
ISIC_7796348,0,0.001208293135277927,0
ISIC_8311629,0,0.006187569350004196,0
ISIC_1578203,0,0.0003454698307905346,0
ISIC_1235777,0,0.03249846398830414,0
ISIC_0518352,0,0.025046152994036674,0
ISIC_3502154,0,0.002579557942226529,0
ISIC_2916164,0,0.4583055377006531,0
ISIC_2913019,0,0.002891195472329855,0
ISIC_3604993,0,0.005439357366412878,0
ISIC_7453962,0,0.000221990529098548,0
ISIC_5551736,0,7.252770592458546e-05,0
ISIC_1859923,0,0.17408406734466553,0
ISIC_0697951,0,0.024193614721298218,0
ISIC_1011089,0,0.5875818133354187,1
ISIC_3410193,0,0.09861022233963013,0
ISIC_1396321,0,0.0009839503327384591,0
ISIC_5539025,0,0.00564697477966547,0
ISIC_3172815,0,0.968013346195221,1
ISIC_0835578,0,0.04445075988769531,0
ISIC_0270289,0,1.0164305422222242e-05,0
ISIC_0602529,0,0.2806354761123657,0
ISIC_0613362,0,0.12899115681648254,0
ISIC_2009728,0,0.26343485713005066,0
ISIC_1506912,0,0.0008262505871243775,0
ISIC_2324840,0,0.020894119516015053,0
ISIC_4499925,0,0.0013591607566922903,0
ISIC_0341785,0,6.240030052140355e-05,0
ISIC_7806637,0,0.04474618658423424,0
ISIC_2246315,0,0.00027935788966715336,0
ISIC_2221212,0,0.0021011531352996826,0
ISIC_3016219,0,0.01356075331568718,0
ISIC_6761269,0,7.622391422046348e-05,0
ISIC_6238016,0,0.01208172645419836,0
ISIC_4691889,0,0.00019712260109372437,0
ISIC_9909792,0,1.7189195204991847e-05,0
ISIC_2281909,0,0.017802581191062927,0
ISIC_1328717,0,0.14955705404281616,0
ISIC_6968933,0,0.006643963977694511,0
ISIC_8485142,0,0.19293618202209473,0
ISIC_6008974,0,2.8033606213284656e-05,0
ISIC_5392994,0,0.0302277859300375,0
ISIC_7885502,0,0.719617486000061,1
ISIC_0696408,0,0.6324720978736877,1
ISIC_4526581,0,0.00032036667107604444,0
ISIC_9234944,0,0.0003316884976811707,0
ISIC_5941908,0,0.7611587047576904,1
ISIC_6756474,0,0.1632148027420044,0
ISIC_9607252,0,0.5980324149131775,1
ISIC_9266246,0,3.907391146640293e-06,0
ISIC_5688196,0,0.9097685217857361,1
ISIC_1029700,0,0.198045551776886,0
ISIC_4189633,0,0.35659271478652954,0
ISIC_9509206,0,0.007591702044010162,0
ISIC_4742252,0,0.027961045503616333,0
ISIC_8239309,0,0.8131672143936157,1
ISIC_7707720,0,0.5199188590049744,1
ISIC_8428097,0,0.5654206275939941,1
ISIC_9466794,0,0.4966462254524231,0
ISIC_8774880,0,0.18976247310638428,0
ISIC_7368597,0,0.616191029548645,1
ISIC_6929842,0,0.46772560477256775,0
ISIC_5200765,0,0.00150642404332757,0
ISIC_9354237,0,0.0015220432542264462,0
ISIC_7169788,0,0.7296735048294067,1
ISIC_1359387,0,0.0025967948604375124,0
ISIC_6419239,0,0.06678549945354462,0
ISIC_8789673,0,0.1453540027141571,0
ISIC_6312590,0,0.16592927277088165,0
ISIC_8875036,0,0.30109402537345886,0
ISIC_9241497,0,0.001177696161903441,0
ISIC_2763029,0,1.8480832295608707e-05,0
ISIC_8853815,0,0.7527398467063904,1
ISIC_2377292,0,0.0008138208650052547,0
ISIC_5090724,0,0.2444206029176712,0
ISIC_8821137,0,0.0018708629067987204,0
ISIC_2753908,0,0.7207370400428772,1
ISIC_7997132,0,0.0003399263077881187,0
ISIC_9059632,0,0.3242543935775757,0
ISIC_3212116,0,0.0014938191743567586,0
ISIC_1324208,0,5.5420445278286934e-05,0
ISIC_9512048,0,0.023132730275392532,0
ISIC_8679067,0,0.00654277577996254,0
ISIC_4200486,0,0.24506063759326935,0
ISIC_7705928,0,0.39973533153533936,0
ISIC_0653456,0,0.8697474598884583,1
ISIC_4831434,0,1.876387614174746e-05,0
ISIC_6159276,0,0.00012776246876455843,0
ISIC_3171104,0,0.24402427673339844,0
ISIC_7354493,0,0.0012965365312993526,0
ISIC_4826154,0,0.0961558073759079,0
ISIC_8448271,0,3.831870799331227e-06,0
ISIC_6943610,0,0.03642713651061058,0
ISIC_5529201,0,0.47713467478752136,0
ISIC_7408485,0,0.0016709809424355626,0
ISIC_5676827,0,0.08972110599279404,0
ISIC_3469923,0,7.461083896487253e-06,0
ISIC_0159996,0,0.5705799460411072,1
ISIC_0273685,0,0.6606417298316956,1
ISIC_2683599,0,0.13262060284614563,0
ISIC_0844341,0,0.10223647952079773,0
ISIC_2642187,0,0.8794221878051758,1
ISIC_5760948,0,0.5540881156921387,1
ISIC_5379272,0,0.6942090392112732,1
ISIC_8669004,0,0.2911628484725952,0
ISIC_5086254,0,0.6090249419212341,1
ISIC_7066393,0,0.0017851261654868722,0
ISIC_0461128,0,0.9320995807647705,1
ISIC_4814024,0,0.0004685861349571496,0
ISIC_5271811,0,0.2987595498561859,0
ISIC_3762554,0,8.026591967791319e-05,0
ISIC_0817914,0,0.011267396621406078,0
ISIC_6254045,0,0.0012709753355011344,0
ISIC_5830274,0,2.374223004153464e-05,0
ISIC_2977144,0,4.118795914109796e-05,0
ISIC_9788955,0,0.0013338170247152448,0
ISIC_0626986,0,7.727959746262059e-05,0
ISIC_5493359,0,0.018435748293995857,0
ISIC_8962744,0,0.006667954847216606,0
ISIC_3493866,0,0.5319106578826904,1
ISIC_4099058,0,0.01548717264086008,0
ISIC_3665147,0,0.1545867919921875,0
ISIC_5454983,0,0.0005814589676447213,0
ISIC_8140978,0,0.179162859916687,0
ISIC_8580423,0,0.06694041937589645,0
ISIC_1919499,0,2.5982120860135183e-05,0
ISIC_2169275,0,0.0496109277009964,0
ISIC_3865993,0,0.18763130903244019,0
ISIC_1220029,0,0.0032646351028233767,0
ISIC_0613076,0,8.722464372112881e-06,0
ISIC_3003273,0,0.06747334450483322,0
ISIC_7546480,0,0.5979610681533813,1
ISIC_2489504,0,0.006174434907734394,0
ISIC_9925786,0,0.000826237490400672,0
ISIC_3746471,0,5.954589869361371e-05,0
ISIC_8821107,0,0.4829857051372528,0
ISIC_3385810,0,0.005819934420287609,0
ISIC_3902901,0,0.15121538937091827,0
ISIC_8616723,0,0.13423018157482147,0
ISIC_5921734,0,0.04077981039881706,0
ISIC_9780129,0,0.0008711593691259623,0
ISIC_2244719,0,0.005633896682411432,0
ISIC_7129085,0,0.40769171714782715,0
ISIC_9076933,0,0.00010335834667785093,0
ISIC_2586859,0,0.00032437153276987374,0
ISIC_6193854,0,0.04435206577181816,0
ISIC_7411244,0,0.00022599931980948895,0
ISIC_3683530,0,0.021308742463588715,0
ISIC_5919604,0,0.00842625368386507,0
ISIC_4648566,0,4.828933742828667e-05,0
ISIC_4442418,0,1.781645005394239e-05,0
ISIC_6571459,0,0.19933097064495087,0
ISIC_7166676,0,0.8114681243896484,1
ISIC_1030777,0,0.043705157935619354,0
ISIC_6612179,0,0.43077853322029114,0
ISIC_6247743,0,1.8688424461288378e-05,0
ISIC_5283980,0,0.0618254691362381,0
ISIC_4352700,0,0.5467455387115479,1
ISIC_7600621,0,0.15012593567371368,0
ISIC_2811080,0,0.8020033240318298,1
ISIC_4101415,0,0.0006362218409776688,0
ISIC_5231959,0,0.0034865806810557842,0
ISIC_0384200,0,0.002395718591287732,0
ISIC_8658889,0,0.005800430662930012,0
ISIC_1545851,0,0.8719178438186646,1
ISIC_0155473,0,0.048484109342098236,0
ISIC_4715464,0,0.001213404699228704,0
ISIC_5999028,0,0.30466851592063904,0
ISIC_1585604,0,4.671187070925953e-06,0
ISIC_3003111,0,0.2495628446340561,0
ISIC_2208555,0,0.0041453358717262745,0
ISIC_8211756,0,0.12710808217525482,0
ISIC_9851371,0,0.0018480838043615222,0
ISIC_1974152,0,0.0008571514044888318,0
ISIC_7010626,0,0.6505264639854431,1
ISIC_2928868,0,0.4847334921360016,0
ISIC_2613405,0,0.0007245546439662576,0
ISIC_5300455,0,0.4101244807243347,0
ISIC_7821676,0,0.014732882380485535,0
ISIC_5973717,0,0.2589758634567261,0
ISIC_6229178,0,0.001606504200026393,0
ISIC_0880061,0,0.017635976895689964,0
ISIC_3360180,0,0.00017931156617123634,0
ISIC_7327592,0,0.0637872964143753,0
ISIC_3765394,0,0.11525677144527435,0
ISIC_9701171,0,0.07487349212169647,0
ISIC_6050597,0,0.15543082356452942,0
ISIC_9578777,0,0.002989208558574319,0
ISIC_5142496,0,0.013656051829457283,0
ISIC_8792007,0,0.4673188030719757,0
ISIC_4352303,0,0.28617632389068604,0
ISIC_0683986,0,0.9730365872383118,1
ISIC_4950467,0,0.299101859331131,0
ISIC_9590586,0,2.056797529803589e-05,0
ISIC_4901330,0,0.5065209269523621,1
ISIC_3959941,0,0.8571938872337341,1
ISIC_1685833,0,0.8142344951629639,1
ISIC_2326984,0,0.4793320596218109,0
ISIC_3234899,0,0.0015846028691157699,0
ISIC_9650685,0,0.0005274233408272266,0
ISIC_8304632,0,8.068022725638002e-05,0
ISIC_6342641,0,0.9359988570213318,1
ISIC_8435105,0,0.6843954920768738,1
ISIC_6930559,0,0.838455080986023,1
ISIC_2172329,0,0.0029314695857465267,0
ISIC_2958240,0,0.03684769570827484,0
ISIC_0397658,0,0.010515071451663971,0
ISIC_2226940,0,0.09088418632745743,0
ISIC_3251421,0,0.0183141827583313,0
ISIC_8974464,0,0.5367692112922668,1
ISIC_1567899,0,0.8078840970993042,1
ISIC_8496646,0,0.00035238367854617536,0
ISIC_6377047,0,0.45185595750808716,0
ISIC_9288923,0,0.00030031957430765033,0
ISIC_1173776,0,0.35943594574928284,0
ISIC_3878213,0,0.6652981042861938,1
ISIC_5725266,0,0.8772965669631958,1
ISIC_1932632,0,0.018282845616340637,0
ISIC_2484625,0,0.0010528258280828595,0
ISIC_3025329,0,0.02460143156349659,0
ISIC_8945887,0,1.7180556824314408e-05,0
ISIC_3591332,0,0.7727866768836975,1
ISIC_7282415,0,0.22591781616210938,0
ISIC_0600866,0,0.033622708171606064,0
ISIC_4406629,0,0.10469837486743927,0
ISIC_7371985,0,0.041163377463817596,0
ISIC_7903510,0,0.409694105386734,0
ISIC_7721903,0,0.2873693108558655,0
ISIC_4704578,0,0.10319027304649353,0
ISIC_8206400,0,0.004277341067790985,0
ISIC_9136413,0,0.0033548560459166765,0
ISIC_7359014,0,4.752631411975017e-06,0
ISIC_7528783,0,0.33944109082221985,0
ISIC_4345000,0,0.06703665852546692,0
ISIC_9406299,0,0.0003906130150426179,0
ISIC_5291129,0,0.8242582678794861,1
ISIC_8968625,0,0.528968870639801,1
ISIC_8318336,0,0.05924977734684944,0
ISIC_8392065,0,0.5485544800758362,1
ISIC_4776213,0,0.04778825864195824,0
ISIC_9134566,0,0.22604681551456451,0
ISIC_5218530,0,0.05410405620932579,0
ISIC_9059293,0,0.005203717388212681,0
ISIC_6568247,0,0.14646115899085999,0
ISIC_7671972,0,0.002628244226798415,0
ISIC_4148681,0,0.19149306416511536,0
ISIC_9323283,0,0.8477358222007751,1
ISIC_7114310,0,0.0004976684576831758,0
ISIC_8409262,0,0.8851935267448425,1
ISIC_8152273,0,0.04215765371918678,0
ISIC_3114532,0,0.3301517069339752,0
ISIC_5406677,0,0.4231909513473511,0
ISIC_9478317,0,0.10745008289813995,0
ISIC_7886188,0,1.9253717255196534e-05,0
ISIC_6870647,0,0.013774735853075981,0
ISIC_5453032,0,0.04782973974943161,0
ISIC_6760986,0,0.0022911536507308483,0
ISIC_8961394,0,0.21995608508586884,0
ISIC_2127685,0,0.00047392185661010444,0
ISIC_2927891,0,0.0857221856713295,0
ISIC_1815593,0,0.10952389985322952,0
ISIC_4845540,0,0.032099757343530655,0
ISIC_5383064,0,0.48520150780677795,0
ISIC_6769445,0,0.0028144242241978645,0
ISIC_5534167,0,0.1155860647559166,0
ISIC_5230385,0,0.8529152870178223,1
ISIC_4782894,0,0.7090706825256348,1
ISIC_2673076,0,0.8120144009590149,1
ISIC_7970002,0,0.4045102894306183,0
ISIC_2318657,0,0.0008161491714417934,0
ISIC_4528712,0,0.04240863770246506,0
ISIC_7050575,0,0.8970361948013306,1
ISIC_8598120,0,0.043955784291028976,0
ISIC_7109584,0,3.156141974614002e-05,0
ISIC_2154237,0,0.6431699395179749,1
ISIC_3565508,0,0.5956408381462097,1
ISIC_1566523,0,0.017600174993276596,0
ISIC_7563744,0,0.0025745942257344723,0
ISIC_3319573,0,0.015572094358503819,0
ISIC_4497120,0,0.0007237430545501411,0
ISIC_8481601,0,0.823221743106842,1
ISIC_5908132,0,0.014436259865760803,0
ISIC_0588827,0,0.7689363360404968,1
ISIC_5392118,0,5.0043119699694216e-05,0
ISIC_9456322,0,4.150045424466953e-05,0
ISIC_8772241,0,0.4058486819267273,0
ISIC_9880108,0,0.41913923621177673,0
ISIC_7286958,0,0.8303622007369995,1
ISIC_6973425,0,0.579336941242218,1
ISIC_6364664,0,0.00047445204108953476,0
ISIC_0566804,0,2.5846171070043056e-07,0
ISIC_3263757,0,0.3190304636955261,0
ISIC_8817681,0,0.2984175682067871,0
ISIC_7494568,0,0.8636107444763184,1
ISIC_9054603,0,0.25720009207725525,0
ISIC_9744206,0,0.5427929162979126,1
ISIC_1351604,0,0.06479284912347794,0
ISIC_8629932,0,0.0006523904739879072,0
ISIC_0523228,0,0.7869876027107239,1
ISIC_8515582,0,0.48784419894218445,0
ISIC_8524457,0,0.0630180686712265,0
ISIC_8030752,0,0.009227422066032887,0
ISIC_8791321,0,0.030107881873846054,0
ISIC_1788314,0,0.26146355271339417,0
ISIC_5402119,0,0.7717066407203674,1
ISIC_3503302,0,0.28881925344467163,0
ISIC_9479460,0,0.7807762026786804,1
ISIC_3046930,0,0.39650076627731323,0
ISIC_3909834,0,0.24205662310123444,0
ISIC_0931454,0,0.0003966776712331921,0
ISIC_7296583,0,0.0027382569387555122,0
ISIC_6312714,0,0.678511917591095,1
ISIC_6059541,0,0.0006612756405957043,0
ISIC_2086540,0,0.8673879504203796,1
ISIC_1426781,0,0.829211413860321,1
ISIC_8380421,0,0.28434792160987854,0
ISIC_4362614,0,0.00035691974335350096,0
ISIC_5728359,0,0.541520357131958,1
ISIC_6287803,0,0.011714618653059006,0
ISIC_2083677,0,0.649054765701294,1
ISIC_6993934,0,0.5476462841033936,1
ISIC_9258027,0,0.5242385864257812,1
ISIC_9947369,0,0.004954338073730469,0
ISIC_5289599,0,0.00015302201791200787,0
ISIC_1576437,0,0.3444524109363556,0
ISIC_3023048,0,7.653935426787939e-06,0
ISIC_4352209,0,0.025278840214014053,0
ISIC_4674818,0,0.09623256325721741,0
ISIC_3446849,0,0.2850606441497803,0
ISIC_1661324,0,6.315977225312963e-05,0
ISIC_4646061,0,0.025941621512174606,0
ISIC_7332868,0,0.00045841053361073136,0
ISIC_4693485,0,0.009578172117471695,0
ISIC_5935362,0,0.0012661367654800415,0
ISIC_1755019,0,0.8276625871658325,1
ISIC_9618489,0,1.163069441645348e-06,0
ISIC_0678299,0,0.03189138323068619,0
ISIC_6668237,0,0.007496643345803022,0
ISIC_0148677,0,0.000817455118522048,0
ISIC_2741716,0,0.08257266879081726,0
ISIC_1463947,0,0.3234454393386841,0
ISIC_1753040,0,1.874888585007284e-05,0
ISIC_0792879,0,0.00022601074306294322,0
ISIC_0363576,0,0.009808622300624847,0
ISIC_7482149,0,0.11767330765724182,0
ISIC_6754835,0,0.1745065450668335,0
ISIC_2855191,0,0.2198120504617691,0
ISIC_3568218,0,0.0040940516628324986,0
ISIC_8089014,0,1.7544606407682295e-06,0
ISIC_6153896,0,0.00044106703717261553,0
ISIC_6220625,1,0.851694643497467,1
ISIC_8545201,0,0.000521004491019994,0
ISIC_1552507,0,0.19337871670722961,0
ISIC_3488556,0,0.092208631336689,0
ISIC_7521364,0,0.270990788936615,0
ISIC_0576644,0,0.4318821132183075,0
ISIC_4180497,0,0.23506593704223633,0
ISIC_4264422,0,0.020074086263775826,0
ISIC_2537370,0,0.0010534744942560792,0
ISIC_4419686,0,0.07673781365156174,0
ISIC_9426607,0,0.0004180485848337412,0
ISIC_2011808,0,0.0023874728940427303,0
ISIC_0754658,0,0.48680487275123596,0
ISIC_5654704,0,0.002007552422583103,0
ISIC_8397077,0,0.05644454061985016,0
ISIC_2650468,0,0.03486022725701332,0
ISIC_4253935,0,1.7245164372070576e-06,0
ISIC_8501844,0,0.09669798612594604,0
ISIC_9893686,0,0.4115602970123291,0
ISIC_6191100,0,0.6823948621749878,1
ISIC_3267312,0,0.00022604652622248977,0
ISIC_0372318,0,0.11360189318656921,0
ISIC_2001492,0,0.18095475435256958,0
ISIC_7505863,0,1.4631077647209167e-05,0
ISIC_4581692,0,0.0006666375556960702,0
ISIC_3251773,0,0.1038304790854454,0
ISIC_2268341,1,0.7977588176727295,1
ISIC_8277845,0,0.19657333195209503,0
ISIC_9257167,0,0.00054947315948084,0
ISIC_7355316,0,0.5104153752326965,1
ISIC_7018480,0,0.6691120862960815,1
ISIC_4183816,0,7.806091889506206e-05,0
ISIC_8799470,0,0.05165113881230354,0
ISIC_1556765,0,0.0307453703135252,0
ISIC_5719183,0,0.8659153580665588,1
ISIC_6737576,0,0.0017202720046043396,0
ISIC_1364848,0,2.559954737080261e-05,0
ISIC_5536429,0,0.00023521766706835479,0
ISIC_2013861,0,0.26039257645606995,0
ISIC_3970105,0,4.614798672264442e-05,0
ISIC_3375921,0,0.015354214236140251,0
ISIC_5851895,0,0.6141716241836548,1
ISIC_8292364,0,6.117839802755043e-06,0
ISIC_1653156,0,0.40156352519989014,0
ISIC_6475049,0,0.045621152967214584,0
ISIC_1892887,0,0.9977987408638,1
ISIC_3974064,0,1.054391213983763e-05,0
ISIC_5372701,0,2.753052967818803e-06,0
ISIC_5405896,0,0.08747387677431107,0
ISIC_3311662,0,0.15706083178520203,0
ISIC_4266571,0,0.0008960671257227659,0
ISIC_0677230,0,0.004055350553244352,0
ISIC_8913166,0,9.128646524914075e-06,0
ISIC_2532945,0,0.7768627405166626,1
ISIC_2748975,0,0.4586625099182129,0
ISIC_4203526,0,0.1169496551156044,0
ISIC_6934907,0,0.45430415868759155,0
ISIC_1644520,0,0.2594242990016937,0
ISIC_1748719,0,0.0013030016561970115,0
ISIC_9927490,0,0.9345716834068298,1
ISIC_9178852,0,0.05011896789073944,0
ISIC_6710584,0,0.5000768303871155,1
ISIC_3142775,0,0.3508261442184448,0
ISIC_4457514,0,0.5005589723587036,1
ISIC_6323710,0,0.0041623543947935104,0
ISIC_1037860,0,0.017097100615501404,0
ISIC_7278885,0,0.05942660942673683,0
ISIC_3769071,0,0.013520963490009308,0
ISIC_9988236,0,0.003388425335288048,0
ISIC_3668276,0,0.04947005212306976,0
ISIC_2093777,0,0.00382014038041234,0
ISIC_8380387,0,1.741913365549408e-05,0
ISIC_9989680,0,0.015399082563817501,0
ISIC_3484946,0,0.003995235543698072,0
ISIC_2987677,0,0.006807441357523203,0
ISIC_1936043,0,0.8496917486190796,1
ISIC_8478591,0,2.8485241273301654e-05,0
ISIC_5634535,0,0.012378665618598461,0
ISIC_1750064,0,3.9050223676895257e-07,0
ISIC_7039745,0,0.678189754486084,1
ISIC_2579390,0,0.2957397699356079,0
ISIC_2032815,0,0.4977529048919678,0
ISIC_6366677,0,0.9686785340309143,1
ISIC_6580394,0,5.890690226806328e-05,0
ISIC_0826834,0,0.00025962936342693865,0
ISIC_0243160,0,0.36785176396369934,0
ISIC_6022423,0,0.0004436718299984932,0
ISIC_8879472,0,0.0009287989232689142,0
ISIC_0814592,0,0.0006302125402726233,0
ISIC_1198405,0,0.0012009678175672889,0
ISIC_4529168,0,0.11341589689254761,0
ISIC_1368217,0,0.0006543903728015721,0
ISIC_6882480,0,0.00485382741317153,0
ISIC_6069236,0,0.0032884436659514904,0
ISIC_0096227,0,1.0962526175717358e-06,0
ISIC_6931024,0,0.6996811628341675,1
ISIC_6665667,0,0.04216516390442848,0
ISIC_9503498,0,0.009668107144534588,0
ISIC_4745658,0,0.0001274538808502257,0
ISIC_0818517,0,0.7225839495658875,1
ISIC_1637750,0,2.7834161301143467e-05,0
ISIC_9540703,0,0.05005259811878204,0
ISIC_4634800,0,0.007653392385691404,0
ISIC_4254237,0,0.7834097743034363,1
ISIC_8793609,0,0.18978072702884674,0
ISIC_4513059,0,0.0009605762897990644,0
ISIC_2927109,0,0.02470095269382,0
ISIC_2166801,0,0.27128157019615173,0
ISIC_4099950,0,0.37158504128456116,0
ISIC_3769485,0,0.005300464108586311,0
ISIC_8390629,0,0.3597051203250885,0
ISIC_9072034,0,3.9822461985750124e-05,0
ISIC_8344196,0,1.5966952560120262e-05,0
ISIC_3681098,0,0.010546746663749218,0
ISIC_9406275,0,0.00018655936582945287,0
ISIC_3945766,0,0.01239643432199955,0
ISIC_8068155,0,3.5396060411585495e-05,0
ISIC_2864316,0,0.022723082453012466,0
ISIC_9747704,0,0.16006624698638916,0
ISIC_5144615,0,0.6560965776443481,1
ISIC_0237862,0,0.0014859538059681654,0
ISIC_6954782,0,0.00010207680315943435,0
ISIC_4015349,0,0.0005692762206308544,0
ISIC_9367832,0,0.002818983281031251,0
ISIC_2449103,0,0.00010194898641202599,0
ISIC_4884189,0,0.004531892016530037,0
ISIC_7280815,0,0.5421758890151978,1
ISIC_8573837,0,0.022737620398402214,0
ISIC_9824610,0,0.00048213134869001806,0
ISIC_5373844,0,0.00033822227851487696,0
ISIC_4212044,0,0.009425011463463306,0
ISIC_9991451,0,0.8669213056564331,1
ISIC_0365216,0,4.0062510379357263e-05,0
ISIC_0612374,0,0.000612362870015204,0
ISIC_8250729,0,8.632108074380085e-05,0
ISIC_6613079,0,5.883818448637612e-05,0
ISIC_0933075,0,0.10986658185720444,0
ISIC_9917899,0,0.17324592173099518,0
ISIC_0254698,0,0.024694330990314484,0
ISIC_6794321,0,0.00041111846803687513,0
ISIC_5105824,0,0.8816381692886353,1
ISIC_8473985,0,0.5936797261238098,1
ISIC_1526547,0,0.0001166187139460817,0
ISIC_1293501,0,0.7303991913795471,1
ISIC_9333546,0,0.8204847574234009,1
ISIC_4432735,0,0.04680465906858444,0
ISIC_3396790,0,0.893878698348999,1
ISIC_3447311,0,0.1454247236251831,0
ISIC_2565206,1,0.8981548547744751,1
ISIC_2030997,0,0.00048161487211473286,0
ISIC_1456623,0,0.1594032496213913,0
ISIC_6427157,0,0.004015539772808552,0
ISIC_2396605,0,0.6687073707580566,1
ISIC_5387829,0,0.46538811922073364,0
ISIC_9661686,0,0.2538433372974396,0
ISIC_8293201,0,0.00013688564649783075,0
ISIC_8025243,0,0.05265408754348755,0
ISIC_1805602,0,0.060027461498975754,0
ISIC_4649465,0,0.4593415856361389,0
ISIC_6020376,0,0.12746253609657288,0
ISIC_7809643,0,0.00316651351749897,0
ISIC_2009761,0,0.15913701057434082,0
ISIC_6050971,0,0.11666113138198853,0
ISIC_5749706,0,1.7303205822827294e-05,0
ISIC_0892453,0,0.003539483528584242,0
ISIC_1969199,0,7.770206138957292e-05,0
ISIC_0224921,0,3.603284130804241e-05,0
ISIC_1004225,0,0.10311117768287659,0
ISIC_2270496,0,0.02710372395813465,0
ISIC_5689392,0,0.028439873829483986,0
ISIC_2621121,0,0.0006393824587576091,0
ISIC_0256715,0,0.0017275374848395586,0
ISIC_7828320,0,0.9439980983734131,1
ISIC_0878210,0,1.2597428394656163e-05,0
ISIC_8477065,0,1.5765929219924146e-06,0
ISIC_8881641,0,0.00013643359125126153,0
ISIC_0924902,0,0.0030417453963309526,0
ISIC_4222616,0,5.6647426390554756e-05,0
ISIC_3920809,0,0.007539423182606697,0
ISIC_4278569,0,0.4945630431175232,0
ISIC_8901784,0,0.8168202042579651,1
ISIC_4952040,0,0.26366114616394043,0
ISIC_5663741,0,1.611672450962942e-05,0
ISIC_7903715,0,0.0008975060773082078,0
ISIC_4536154,0,0.0006235003238543868,0
ISIC_9994125,0,0.003128404961898923,0
ISIC_4981344,0,0.009638112038373947,0
ISIC_0637043,0,0.00013805502385366708,0
ISIC_1907829,0,0.46573153138160706,0
ISIC_1598478,0,0.04734259843826294,0
ISIC_2423382,0,0.020196590572595596,0
ISIC_9450200,0,0.5105321407318115,1
ISIC_9118358,0,0.0010559945367276669,0
ISIC_2396791,0,0.24202404916286469,0
ISIC_0170285,0,0.6800419092178345,1
ISIC_0747101,0,0.7631940841674805,1
ISIC_3505327,0,0.6202525496482849,1
ISIC_9649398,0,6.261100497795269e-05,0
ISIC_2113710,0,0.00907104928046465,0
ISIC_9931592,0,0.5978795886039734,1
ISIC_1202561,0,0.009856029413640499,0
ISIC_4254809,0,0.01797868311405182,0
ISIC_3718021,0,0.2830018997192383,0
ISIC_1264993,0,0.29038727283477783,0
ISIC_5620480,0,0.15171785652637482,0
ISIC_8243312,0,5.3443705837707967e-05,0
ISIC_1165497,0,0.07248402386903763,0
ISIC_2137033,0,0.8958566188812256,1
ISIC_6787193,0,0.18953770399093628,0
ISIC_8278742,0,0.5910013318061829,1
ISIC_7456030,0,5.547177352127619e-06,0
ISIC_7340247,0,9.718144156067865e-07,0
ISIC_2863809,0,0.9181884527206421,1
ISIC_1364977,0,0.006091132760047913,0
ISIC_9564525,0,0.00024467261391691864,0
ISIC_4363603,0,0.3268378674983978,0
ISIC_2115937,0,2.228266021120362e-05,0
ISIC_6971970,0,3.454654142842628e-05,0
ISIC_1656752,0,9.817155660130084e-05,0
ISIC_9654537,0,0.003517013741657138,0
ISIC_2757414,0,1.3589061609309283e-06,0
ISIC_8197677,0,0.00028093348373658955,0
ISIC_8826222,0,2.4621724605822237e-06,0
ISIC_2588167,0,0.3963797390460968,0
ISIC_9335977,0,0.006697534583508968,0
ISIC_7923714,0,0.013219830580055714,0
ISIC_4155780,0,0.0034103081561625004,0
ISIC_5008399,0,0.5427789688110352,1
ISIC_7651608,0,0.32000914216041565,0
ISIC_2145943,0,0.010385285131633282,0
ISIC_8509577,1,0.980818510055542,1
ISIC_2974214,1,0.42481863498687744,0
ISIC_5103342,0,0.023516535758972168,0
ISIC_8490701,0,0.026224410161376,0
ISIC_7710081,0,0.5682852268218994,1
ISIC_1643801,0,0.4830111861228943,0
ISIC_3026023,0,0.42287471890449524,0
ISIC_4683052,0,0.03685862943530083,0
ISIC_1745646,0,0.07243143767118454,0
ISIC_4773560,0,0.0478099025785923,0
ISIC_8579575,0,0.6321561932563782,1
ISIC_1827859,0,3.464842666289769e-05,0
ISIC_5772938,0,0.09205994009971619,0
ISIC_1143268,0,0.0002806012926157564,0
ISIC_8795968,0,0.9137420654296875,1
ISIC_7571402,0,0.0475638322532177,0
ISIC_0800069,0,0.27837657928466797,0
ISIC_6809329,0,0.7136110067367554,1
ISIC_1140182,0,0.13187092542648315,0
ISIC_9687776,0,0.4752087891101837,0
ISIC_7509284,0,0.4889257252216339,0
ISIC_1786906,0,0.001141296117566526,0
ISIC_9336830,0,0.5100874304771423,1
ISIC_6166761,0,0.19665329158306122,0
ISIC_4366627,0,0.687299907207489,1
ISIC_9186287,0,0.6473134756088257,1
ISIC_1278629,0,0.0019642957486212254,0
ISIC_7437127,0,0.12405843287706375,0
ISIC_2388532,0,0.00010158390796277672,0
ISIC_7430054,0,0.22538456320762634,0
ISIC_3688410,0,0.0880545899271965,0
ISIC_5509459,0,0.07033943384885788,0
ISIC_3948588,0,0.0015976447612047195,0
ISIC_2344766,0,0.39427298307418823,0
ISIC_6019374,0,0.23772236704826355,0
ISIC_9339713,0,0.7151917219161987,1
ISIC_0292158,0,0.011690557934343815,0
ISIC_7338201,0,0.27725112438201904,0
ISIC_8213147,0,0.044508885592222214,0
ISIC_7754534,0,0.49367856979370117,0
ISIC_9127114,0,0.6845352053642273,1
ISIC_2740756,0,0.010744478553533554,0
ISIC_4187524,0,0.4405423402786255,0
ISIC_6488658,0,0.23120272159576416,0
ISIC_7731447,0,0.2703300416469574,0
ISIC_8938785,0,0.7335455417633057,1
ISIC_1549804,0,0.15047787129878998,0
ISIC_1129508,0,0.04301394522190094,0
ISIC_3490992,0,0.019178563728928566,0
ISIC_7052752,0,0.002786557422950864,0
ISIC_1551323,0,0.8536272048950195,1
ISIC_7825897,0,0.048093605786561966,0
ISIC_1285997,0,0.12006592005491257,0
ISIC_0559566,0,0.4597800672054291,0
ISIC_6667142,0,1.9764507669606246e-05,0
ISIC_3455311,0,0.6041721701622009,1
ISIC_1215640,0,2.799705725919921e-05,0
ISIC_9681146,0,0.6055757403373718,1
ISIC_7892276,0,0.38097161054611206,0
ISIC_8536913,0,4.667482244258281e-06,0
ISIC_9366210,0,0.004422875586897135,0
ISIC_4453489,0,0.2930568754673004,0
ISIC_0277164,0,0.0028251842595636845,0
ISIC_3199719,0,0.4013769030570984,0
ISIC_5483267,0,0.0021549947559833527,0
ISIC_7835507,0,0.037957705557346344,0
ISIC_7799968,0,0.005558115895837545,0
ISIC_9739881,0,0.35277995467185974,0
ISIC_2947038,0,0.7201693654060364,1
ISIC_7309302,0,0.41287875175476074,0
ISIC_5301131,0,0.0014852351741865277,0
ISIC_3141629,0,0.195908784866333,0
ISIC_3457365,0,0.7649233341217041,1
ISIC_8981880,0,9.371228952659294e-05,0
ISIC_2754170,0,0.5469464063644409,1
ISIC_4141515,0,9.71292975009419e-05,0
ISIC_9015865,0,0.005834462121129036,0
ISIC_4327046,0,0.6635355949401855,1
ISIC_0147817,0,0.00014721331535838544,0
ISIC_3428451,0,1.2051445082761347e-05,0
ISIC_9173096,0,0.15388013422489166,0
ISIC_8367005,0,0.0029344188515096903,0
ISIC_4020689,0,0.7890465259552002,1
ISIC_0769854,0,0.001092132763005793,0
ISIC_3435115,0,0.30907756090164185,0
ISIC_3410459,0,0.29997092485427856,0
ISIC_9512558,0,0.3867146372795105,0
ISIC_6804299,0,0.7053450345993042,1
ISIC_6064007,0,0.03664699196815491,0
ISIC_8066487,0,0.05605302006006241,0
ISIC_0780259,0,0.19736257195472717,0
ISIC_8659065,0,0.37274691462516785,0
ISIC_9869659,0,0.2682356834411621,0
ISIC_9565330,0,0.2054205685853958,0
ISIC_9945993,0,0.01576046645641327,0
ISIC_7365523,0,0.0006142104975879192,0
ISIC_5090739,0,0.5368728637695312,1
ISIC_5098663,0,0.012562369927763939,0
ISIC_8467665,0,0.00879763439297676,0
ISIC_8632610,0,2.5124489184236154e-05,0
ISIC_1951867,0,0.44079288840293884,0
ISIC_5876289,0,0.010252399370074272,0
ISIC_6391835,0,0.5653308629989624,1
ISIC_3727856,0,0.002008473500609398,0
ISIC_3399603,0,0.16031186282634735,0
ISIC_5624660,0,0.43522098660469055,0
ISIC_1624520,0,0.8717638850212097,1
ISIC_5907599,0,0.14698931574821472,0
ISIC_2661598,0,0.004379748832434416,0
ISIC_4184100,0,0.21823793649673462,0
ISIC_1694996,0,0.04611600190401077,0
ISIC_3742028,0,0.005904761608690023,0
ISIC_4807849,0,0.02452349290251732,0
ISIC_6064946,0,0.00014952811761759222,0
ISIC_7718384,0,0.850510835647583,1
ISIC_8644092,0,2.6058178264065646e-06,0
ISIC_7422026,0,0.009532163850963116,0
ISIC_6089318,1,0.9877769947052002,1
ISIC_6246809,0,8.589656772528542e-07,0
ISIC_6574497,0,3.518993253237568e-06,0
ISIC_6851122,0,6.779940304113552e-05,0
ISIC_4358727,0,0.027083082124590874,0
ISIC_1518678,0,5.805521868751384e-05,0
ISIC_0385609,0,0.0024550508242100477,0
ISIC_5850699,0,0.00021292775636538863,0
ISIC_5853111,0,7.579366501886398e-05,0
ISIC_4949672,0,0.022297421470284462,0
ISIC_7107303,0,0.14357087016105652,0
ISIC_3998756,0,1.560998680361081e-05,0
ISIC_9603178,0,0.0039060511626303196,0
ISIC_0719381,0,0.009877622127532959,0
ISIC_8781377,0,8.095188968582079e-05,0
ISIC_5623668,0,0.0004465985985007137,0
ISIC_6145764,0,0.05831044539809227,0
ISIC_4511574,0,0.0023906014394015074,0
ISIC_4247853,0,4.566124698612839e-05,0
ISIC_3049927,0,0.5123465061187744,1
ISIC_6034721,0,0.02567441016435623,0
ISIC_0578806,0,6.770242907805368e-05,0
ISIC_3139766,0,0.009012584574520588,0
ISIC_8805114,0,0.0011349180713295937,0
ISIC_3272470,0,0.0016471665585413575,0
ISIC_3816833,0,0.004396056290715933,0
ISIC_1653309,0,0.0035514691844582558,0
ISIC_0427813,0,0.00023236912966240197,0
ISIC_3743104,0,0.000841980567201972,0
ISIC_5926079,0,0.02493230625987053,0
ISIC_0971518,0,0.9791142344474792,1
ISIC_2030126,0,0.1243923157453537,0
ISIC_0170101,0,0.09619057923555374,0
ISIC_5857239,0,0.03669504448771477,0
ISIC_6952095,0,0.029276002198457718,0
ISIC_3783114,0,0.021101120859384537,0
ISIC_3642241,0,0.13137292861938477,0
ISIC_3104875,0,0.04068991169333458,0
ISIC_7567374,0,0.2610301971435547,0
ISIC_1646084,0,0.02341299317777157,0
ISIC_7759394,0,8.813870954327285e-05,0
ISIC_0537537,0,2.1994543203618377e-05,0
ISIC_5615676,0,2.9828903279849328e-05,0
ISIC_9545346,0,0.12141872197389603,0
ISIC_3707360,0,0.5294155478477478,1
ISIC_4592289,0,3.972695139964344e-06,0
ISIC_9524180,0,0.029760686680674553,0
ISIC_7137773,0,0.6511310935020447,1
ISIC_3390207,0,0.13135409355163574,0
ISIC_4377245,0,0.32610416412353516,0
ISIC_3098750,0,0.09196989983320236,0
ISIC_2267785,0,0.05482332408428192,0
ISIC_1754491,0,0.4033782184123993,0
ISIC_8375021,0,0.00016771972877904773,0
ISIC_6870208,0,0.0020988460164517164,0
ISIC_6601616,0,0.0001856842718552798,0
ISIC_9465081,0,7.05858037690632e-05,0
ISIC_7234522,0,0.0032343778293579817,0
ISIC_0428482,0,0.03363041579723358,0
ISIC_5102769,0,0.7645192742347717,1
ISIC_2719165,0,0.05179475620388985,0
ISIC_6041346,0,0.47763925790786743,0
ISIC_1464217,0,0.7468443512916565,1
ISIC_8038979,0,3.324509088997729e-05,0
ISIC_1522268,0,0.03394199535250664,0
ISIC_7875959,0,0.05635252967476845,0
ISIC_9024038,0,0.5182998776435852,1
ISIC_8351780,0,0.6398621201515198,1
ISIC_7396523,0,0.3574981391429901,0
ISIC_8544119,0,2.1016987830080325e-06,0
ISIC_7238139,0,0.08207571506500244,0
ISIC_4282056,0,0.012104182504117489,0
ISIC_0979454,0,0.00041873124428093433,0
ISIC_9262162,0,0.008073045872151852,0
ISIC_6719226,0,0.7988690733909607,1
ISIC_3118787,0,2.7856198357767425e-05,0
ISIC_4528140,0,0.00012099676678190008,0
ISIC_8652599,0,0.0002151007211068645,0
ISIC_9496098,0,0.0006031279335729778,0
ISIC_2586708,0,0.04205988347530365,0
ISIC_1252871,0,0.00018719315994530916,0
ISIC_4413418,0,0.005466025322675705,0
ISIC_9690239,0,0.003840304911136627,0
ISIC_4164955,0,0.8246603012084961,1
ISIC_3104441,0,0.011022512800991535,0
ISIC_2034147,0,0.0002589532232377678,0
ISIC_4486352,0,0.14850552380084991,0
ISIC_5533992,1,0.8837931752204895,1
ISIC_4273692,0,0.0009356398950330913,0
ISIC_9862801,0,0.7133276462554932,1
ISIC_5101955,0,0.007376952562481165,0
ISIC_1101631,0,0.08093269914388657,0
ISIC_6421586,0,0.0002331325231352821,0
ISIC_2379723,0,0.014731880277395248,0
ISIC_5207136,0,7.180643478932325e-06,0
ISIC_1967651,0,0.0058640181086957455,0
ISIC_5921024,0,0.0017701082397252321,0
ISIC_6645644,0,0.025628233328461647,0
ISIC_6138246,0,0.03880913183093071,0
ISIC_0682366,0,0.124738410115242,0
ISIC_7307339,0,6.185076983911131e-08,0
ISIC_3744835,0,0.47318634390830994,0
ISIC_5173385,0,0.8435565233230591,1
ISIC_1484109,0,0.0004267941403668374,0
ISIC_9521537,0,0.41574615240097046,0
ISIC_8979540,0,0.0010400242172181606,0
ISIC_0500312,0,0.0002557790430728346,0
ISIC_3770926,0,0.13088814914226532,0
ISIC_5185188,0,0.060253508388996124,0
ISIC_2079466,0,0.006797106936573982,0
ISIC_5970180,0,2.574664176790975e-05,0
ISIC_9320586,0,1.9960822100983933e-05,0
ISIC_1400235,0,0.02873511239886284,0
ISIC_9189897,0,0.2984025776386261,0
ISIC_3870420,0,0.4553481638431549,0
ISIC_9122215,0,0.22133731842041016,0
ISIC_8314360,0,0.5266698598861694,1
ISIC_0894136,0,1.3790394405077677e-05,0
ISIC_7312551,0,0.24168656766414642,0
ISIC_7567670,0,2.98109862342244e-05,0
ISIC_0574489,0,4.790204002347309e-06,0
ISIC_0932428,0,0.006970677059143782,0
ISIC_0853121,0,0.0008448157459497452,0
ISIC_1224295,0,0.02768024057149887,0
ISIC_4046055,0,0.973699152469635,1
ISIC_4191215,0,0.6518008708953857,1
ISIC_5485142,0,0.996933102607727,1
ISIC_6370597,0,0.0037650952581316233,0
ISIC_3129363,0,0.6447931528091431,1
ISIC_5196913,0,0.0027189143002033234,0
ISIC_7432430,0,0.028710050508379936,0
ISIC_5198847,0,0.5556657314300537,1
ISIC_3001462,0,0.4869815707206726,0
ISIC_1847200,0,9.070295345736668e-05,0
ISIC_0224681,0,0.12551423907279968,0
ISIC_4676270,1,0.8348595499992371,1
ISIC_5283061,0,0.003522285260260105,0
ISIC_7665645,0,0.32920563220977783,0
ISIC_8483458,0,0.00010989845759468153,0
ISIC_8517492,0,0.9254254698753357,1
ISIC_3735572,0,0.017987234517931938,0
ISIC_4682498,0,0.006325783208012581,0
ISIC_7921944,0,0.318977415561676,0
ISIC_9089131,0,0.0020945777650922537,0
ISIC_9957389,0,0.0007941834046505392,0
ISIC_3100885,0,0.001248932327143848,0
ISIC_3769211,0,0.02509802207350731,0
ISIC_6777229,0,1.9034761862712912e-05,0
ISIC_8466025,0,0.2991020083427429,0
ISIC_4889839,0,0.00024084899632725865,0
ISIC_6460791,0,0.7074800133705139,1
ISIC_8846695,0,0.7546942830085754,1
ISIC_3943394,0,0.3043910562992096,0
ISIC_3206207,0,0.2904577851295471,0
ISIC_0808108,0,0.8441024422645569,1
ISIC_8344758,0,0.08680624514818192,0
ISIC_5723495,0,3.6526260373648256e-05,0
ISIC_5434229,0,0.6361808180809021,1
ISIC_5821715,0,0.0008632047101855278,0
ISIC_3927960,0,0.6168786287307739,1
ISIC_6714248,0,0.0004319414438214153,0
ISIC_9736710,0,0.16722798347473145,0
ISIC_7580408,0,0.021580146625638008,0
ISIC_5769038,0,9.47522057686001e-05,0
ISIC_6254988,0,0.000931091490201652,0
ISIC_4497032,0,0.18046319484710693,0
ISIC_5902734,0,0.8148025274276733,1
ISIC_4908873,0,0.013853156007826328,0
ISIC_8599152,0,0.004163751844316721,0
ISIC_5824220,0,0.8484919667243958,1
ISIC_4191202,0,0.0028623135294765234,0
ISIC_1103365,0,0.007105791941285133,0
ISIC_1582195,0,0.00969045888632536,0
ISIC_3871153,0,0.3675779402256012,0
ISIC_2172806,0,0.0003550659166648984,0
ISIC_7717552,0,0.192448228597641,0
ISIC_7352124,0,6.740718526998535e-05,0
ISIC_7760920,0,0.2636632025241852,0
ISIC_7495371,0,0.008614618331193924,0
ISIC_9230295,0,0.00027678365586325526,0
ISIC_7393225,0,0.0004657047102227807,0
ISIC_0648773,0,0.28252241015434265,0
ISIC_6215631,0,0.4692654609680176,0
ISIC_7337194,0,0.00016512446745764464,0
ISIC_5300453,0,0.00026402404182590544,0
ISIC_2553934,0,0.4553556740283966,0
ISIC_3347362,0,4.6568937250413e-05,0
ISIC_6228471,0,0.0004795671266037971,0
ISIC_1025192,0,3.608772385632619e-05,0
ISIC_0448964,0,0.021019352599978447,0
ISIC_4596089,0,0.8594253063201904,1
ISIC_0995161,0,0.32711687684059143,0
ISIC_7658729,1,0.13155220448970795,0
ISIC_9838270,0,0.15348447859287262,0
ISIC_5055871,0,0.010707326233386993,0
ISIC_9509376,0,4.498162161326036e-05,0
ISIC_1631050,0,0.5508780479431152,1
ISIC_6522402,0,0.000159599949256517,0
ISIC_7966716,0,0.00011428519064793363,0
ISIC_0322371,0,0.286759614944458,0
ISIC_0179267,0,6.424328603316098e-05,0
ISIC_4452219,0,0.0007601760444231331,0
ISIC_6081906,0,0.0028111368883401155,0
ISIC_7159150,0,0.08192529529333115,0
ISIC_7668627,0,9.03776308405213e-05,0
ISIC_7492046,0,0.008507871069014072,0
ISIC_3069268,0,0.017308374866843224,0
ISIC_6930612,0,0.23126304149627686,0
ISIC_7606849,0,3.696646308526397e-05,0
ISIC_5273029,0,0.02072587050497532,0
ISIC_3721142,0,0.3196728825569153,0
ISIC_3311513,0,0.10004495829343796,0
ISIC_8767074,0,0.8096966743469238,1
ISIC_3256966,0,0.34501180052757263,0
ISIC_0719704,0,0.0038038925267755985,0
ISIC_1607824,0,0.0010509834391996264,0
ISIC_7260977,0,8.846902233017317e-07,0
ISIC_3580818,0,0.0001489887072239071,0
ISIC_8670418,0,0.000826838833745569,0
ISIC_4446385,0,0.8835433721542358,1
ISIC_7550510,0,0.04549361765384674,0
ISIC_2362404,0,3.7935359387120116e-07,0
ISIC_7665397,0,0.008662192150950432,0
ISIC_7818763,0,0.09729541093111038,0
ISIC_1475598,0,5.528172550839372e-05,0
ISIC_6532966,0,0.28816306591033936,0
ISIC_6434480,0,4.2501265852479264e-05,0
ISIC_4024380,0,1.865654849098064e-05,0
ISIC_2896208,0,0.5041305422782898,1
ISIC_5613605,0,0.0048137507401406765,0
ISIC_5524400,0,0.0009692051680758595,0
ISIC_6251753,1,0.9074496626853943,1
ISIC_4698828,0,0.05907305330038071,0
ISIC_9975260,0,0.8588930368423462,1
ISIC_3246675,0,0.4558340311050415,0
ISIC_7348343,0,0.021323073655366898,0
ISIC_8067080,0,0.12132108956575394,0
ISIC_0830131,0,0.6172381043434143,1
ISIC_3258598,0,0.31334275007247925,0
ISIC_8142852,0,0.011745287105441093,0
ISIC_2587002,0,8.42657609609887e-05,0
ISIC_3503895,0,0.9801797866821289,1
ISIC_6773042,0,0.08654971420764923,0
ISIC_4749576,0,0.00023545147269032896,0
ISIC_0953709,0,0.6652601361274719,1
ISIC_6586187,0,0.5119682550430298,1
ISIC_8921647,0,0.5743160843849182,1
ISIC_3128414,0,5.483648055815138e-05,0
ISIC_9087221,0,0.0013398666633293033,0
ISIC_3662337,0,0.008322568610310555,0
ISIC_4764178,0,0.0008225351921282709,0
ISIC_2058516,0,0.2870784103870392,0
ISIC_1691175,0,0.020747939124703407,0
ISIC_3315259,0,6.408254648704315e-06,0
ISIC_2361734,0,0.00012343048001639545,0
ISIC_5097785,0,0.0033381679095327854,0
ISIC_4252268,0,0.3272504508495331,0
ISIC_4535809,0,7.197447757789632e-06,0
ISIC_1546020,0,0.030116021633148193,0
ISIC_9087738,0,9.729810699354857e-05,0
ISIC_3635945,0,0.0008028960437513888,0
ISIC_6911252,0,0.49961864948272705,0
ISIC_6572463,0,0.3320058584213257,0
ISIC_6245138,0,0.04509184882044792,0
ISIC_8191809,0,0.03850395977497101,0
ISIC_7189167,0,0.8096440434455872,1
ISIC_3377321,0,0.011479316279292107,0
ISIC_5429020,0,0.6387728452682495,1
ISIC_3085118,0,0.3791835904121399,0
ISIC_8211018,0,0.18862508237361908,0
ISIC_5920680,0,0.4038090109825134,0
ISIC_1733499,0,0.06078849360346794,0
ISIC_9206710,0,0.007068482227623463,0
ISIC_3323904,0,0.9675168395042419,1
ISIC_4874581,1,0.3827610909938812,0
ISIC_1292799,0,0.11243145167827606,0
ISIC_3730327,0,0.31852981448173523,0
ISIC_8142203,0,0.9677304625511169,1
ISIC_9603357,0,5.798324764327845e-06,0
ISIC_2239046,0,0.8403472900390625,1
ISIC_4052175,0,0.001439913990907371,0
ISIC_9743052,0,0.0147062037140131,0
ISIC_4421064,0,0.313808798789978,0
ISIC_0342557,0,0.38130319118499756,0
ISIC_7602513,0,0.03201957792043686,0
ISIC_8655912,0,0.10570506006479263,0
ISIC_4319491,0,0.5278056263923645,1
ISIC_0428257,0,0.006117456592619419,0
ISIC_2895555,1,0.4022172689437866,0
ISIC_5281908,0,0.5136944651603699,1
ISIC_6886237,0,0.0304226353764534,0
ISIC_1218358,0,0.05771784856915474,0
ISIC_9720236,0,0.6774229407310486,1
ISIC_1461940,0,0.29648923873901367,0
ISIC_5958409,0,0.7698324918746948,1
ISIC_9874307,0,0.00012147978850407526,0
ISIC_1862691,0,0.0058401795104146,0
ISIC_1761138,0,0.3319113850593567,0
ISIC_6304655,0,8.109513873932883e-05,0
ISIC_4377208,1,0.4624423384666443,0
ISIC_2668705,0,0.104839988052845,0
ISIC_3437789,0,0.00012700488150585443,0
ISIC_4338132,0,0.0001912299048854038,0
ISIC_7461086,0,2.9664453904842958e-05,0
ISIC_4571395,0,0.1470995843410492,0
ISIC_5096338,0,0.2951827347278595,0
ISIC_1358441,0,0.7570416927337646,1
ISIC_2817772,0,0.7535769939422607,1
ISIC_6362735,0,0.1978774517774582,0
ISIC_1683052,0,0.1176522895693779,0
ISIC_7008335,0,0.006069655530154705,0
ISIC_7125924,0,8.293397968373029e-07,0
ISIC_7882178,0,0.2872745096683502,0
ISIC_4617683,0,0.028289323672652245,0
ISIC_0296580,0,0.0004089727299287915,0
ISIC_4733537,0,0.0004600161628331989,0
ISIC_1614400,0,0.6299260854721069,1
ISIC_0694037,0,0.7685917615890503,1
ISIC_4584708,0,0.6847602725028992,1
ISIC_0602697,0,3.307662382212584e-06,0
ISIC_6844858,0,0.2742002010345459,0
ISIC_8760379,0,0.7263871431350708,1
ISIC_8167374,1,0.9715169668197632,1
ISIC_8040024,1,0.32583680748939514,0
ISIC_5896782,0,0.001000748947262764,0
ISIC_5392958,0,0.12837103009223938,0
ISIC_4793861,0,0.40784627199172974,0
ISIC_5157775,0,3.16706245939713e-05,0
ISIC_1777398,0,0.5388478636741638,1
ISIC_9644859,0,0.0008362122462131083,0
ISIC_1497800,0,3.78455915779341e-05,0
ISIC_7588047,0,0.4126648008823395,0
ISIC_8971137,0,0.9303763508796692,1
ISIC_3651451,0,0.0004118685028515756,0
ISIC_6107681,0,0.010492675006389618,0
ISIC_0630780,0,0.5819942355155945,1
ISIC_8945314,0,0.0001236785901710391,0
ISIC_9586114,0,0.6844877004623413,1
ISIC_4059545,0,0.32442742586135864,0
ISIC_9980854,0,0.0031261397525668144,0
ISIC_5623973,0,0.5463784337043762,1
ISIC_8696503,0,0.0013733734376728535,0
ISIC_1491993,0,0.0003101131005678326,0
ISIC_9114716,0,0.8668680191040039,1
ISIC_4868982,0,0.008831772021949291,0
ISIC_9775904,0,0.5282530784606934,1
ISIC_7256560,0,0.041612621396780014,0
ISIC_4789377,0,0.0004175125213805586,0
ISIC_0436964,0,0.006001638248562813,0
ISIC_6995731,0,0.2535289525985718,0
ISIC_1419510,0,0.10974693298339844,0
ISIC_5130786,0,4.28142084274441e-06,0
ISIC_2716912,0,0.2477509081363678,0
ISIC_1594415,0,0.0007313057431019843,0
ISIC_9263990,0,0.6151567101478577,1
ISIC_4482610,0,0.0032294364646077156,0
ISIC_0340256,0,0.8053513169288635,1
ISIC_5413136,0,0.007783448789268732,0
ISIC_6481862,0,0.00013108665007166564,0
ISIC_5369680,0,0.0016547611448913813,0
ISIC_2310983,0,0.7948210835456848,1
ISIC_0304703,0,0.00010049133561551571,0
ISIC_9314646,0,0.24173681437969208,0
ISIC_9652183,0,0.0030808597803115845,0
ISIC_5491641,0,0.004335977137088776,0
ISIC_8577581,0,0.01727810688316822,0
ISIC_5561397,0,0.011356969363987446,0
ISIC_3649766,0,0.21705231070518494,0
ISIC_9323659,0,0.5488117933273315,1
ISIC_8809821,0,0.6351726055145264,1
ISIC_3712234,0,0.9336792826652527,1
ISIC_2715024,0,0.00036172691034153104,0
ISIC_0322818,0,0.5967473983764648,1
ISIC_8150469,0,2.4570331333961803e-06,0
ISIC_1042960,0,0.42472681403160095,0
ISIC_1797104,0,0.00022798744612373412,0
ISIC_7222570,0,0.24243192374706268,0
ISIC_1004416,0,0.0012073565740138292,0
ISIC_8772811,0,0.00773205142468214,0
ISIC_1635633,0,0.06781972199678421,0
ISIC_9650848,0,0.0007752617239020765,0
ISIC_4436342,0,0.4984073340892792,0
ISIC_8555527,0,8.913785859476775e-05,0
ISIC_2540357,0,0.8144480586051941,1
ISIC_8679149,0,1.946737029356882e-06,0
ISIC_6444694,0,0.00567714124917984,0
ISIC_6017148,0,0.0011131390929222107,0
ISIC_2252930,0,0.0003398438566364348,0
ISIC_9632917,0,0.024141749367117882,0
ISIC_0523247,0,0.1279451996088028,0
ISIC_1613292,0,1.1462002476037014e-06,0
ISIC_5875181,0,0.0007945013931021094,0
ISIC_4345114,0,0.7428233623504639,1
ISIC_3417029,0,3.10320574499201e-05,0
ISIC_9680411,0,0.5804688334465027,1
ISIC_8639491,0,0.0001371521648252383,0
ISIC_8756356,0,0.0014812751905992627,0
ISIC_0605180,0,0.5175685882568359,1
ISIC_4565254,0,8.784636884229258e-05,0
ISIC_6361412,0,3.707926953211427e-05,0
ISIC_3742431,0,0.10175173729658127,0
ISIC_7880706,0,0.00014282898337114602,0
ISIC_8713598,0,0.011002564802765846,0
ISIC_5951430,0,5.532903378480114e-05,0
ISIC_4521222,0,0.5523759126663208,1
ISIC_3505358,0,1.379282730340492e-05,0
ISIC_2083499,0,0.5447293519973755,1
ISIC_8236943,0,0.030561918392777443,0
ISIC_3136397,0,3.6755279779754346e-06,0
ISIC_6385296,0,0.26395878195762634,0
ISIC_0216689,0,0.8147715330123901,1
ISIC_5774125,0,0.6458101868629456,1
ISIC_8642938,0,0.01577104814350605,0
ISIC_6982343,0,0.002644491149112582,0
ISIC_5979694,0,0.0016369334189221263,0
ISIC_8009623,0,0.45557281374931335,0
ISIC_8119203,0,0.4768637716770172,0
ISIC_4527661,0,1.4575930435967166e-06,0
ISIC_2264768,0,0.0038048499263823032,0
ISIC_0604062,0,0.35776281356811523,0
ISIC_1507333,0,0.00303761288523674,0
ISIC_1378570,0,0.02660806104540825,0
ISIC_7266462,0,0.864920973777771,1
ISIC_3556983,0,0.12014514207839966,0
ISIC_0354589,0,3.625325553002767e-05,0
ISIC_4623037,0,0.021085690706968307,0
ISIC_7220701,0,0.6488396525382996,1
ISIC_6000889,0,0.6400706171989441,1
ISIC_8127394,0,0.21230612695217133,0
ISIC_7420182,0,0.0010112397139891982,0
ISIC_7319304,0,9.392754873260856e-05,0
ISIC_3456960,0,0.025288106873631477,0
ISIC_1401396,0,4.237065240886295e-06,0
ISIC_7173333,0,0.6507407426834106,1
ISIC_5252709,0,0.12393488734960556,0
ISIC_9960584,0,0.023394040763378143,0
ISIC_3948344,0,0.0017823134548962116,0
ISIC_6800115,0,0.2438475638628006,0
ISIC_9340334,0,0.7586844563484192,1
ISIC_4079108,0,0.47485628724098206,0
ISIC_2034313,0,0.4249716103076935,0
ISIC_8135117,0,0.006467070430517197,0
ISIC_8084443,0,0.018814943730831146,0
ISIC_1270307,0,0.0016357259592041373,0
ISIC_4379788,0,0.7064368724822998,1
ISIC_1605937,0,4.600759348249994e-05,0
ISIC_8669067,0,0.3796142339706421,0
ISIC_1670106,0,1.5268205970642157e-05,0
ISIC_3010681,0,0.6540546417236328,1
ISIC_3687259,0,0.0002822925744112581,0
ISIC_6801892,0,0.0012040213914588094,0
ISIC_1246630,0,9.388734179083258e-05,0
ISIC_5658162,0,0.2908322215080261,0
ISIC_8416537,0,0.0007085843826644123,0
ISIC_2543280,0,0.3552705645561218,0
ISIC_0499971,0,0.18368011713027954,0
ISIC_5841182,0,0.0006780201219953597,0
ISIC_4732943,0,5.210630206420319e-06,0
ISIC_8692218,1,0.9823471307754517,1
ISIC_9979765,0,0.0005306949024088681,0
ISIC_8715705,0,0.10981707274913788,0
ISIC_7233414,0,0.031857408583164215,0
ISIC_9822725,0,0.00040740278200246394,0
ISIC_2118473,0,0.0006880707805976272,0
ISIC_4722884,0,3.074066262342967e-05,0
ISIC_5852065,0,0.6657673716545105,1
ISIC_8298244,0,0.15169242024421692,0
ISIC_6438355,0,0.013480800203979015,0
ISIC_6284704,0,8.561950380681083e-05,0
ISIC_3339798,0,0.041946157813072205,0
ISIC_5914940,0,1.779755075403955e-05,0
ISIC_1262966,0,0.38931703567504883,0
ISIC_4198421,0,0.9016183018684387,1
ISIC_5789994,0,0.004337502643465996,0
ISIC_1278971,0,0.00011326655658194795,0
ISIC_8967329,0,4.899144914816134e-05,0
ISIC_9012331,0,0.0919191837310791,0
ISIC_1605629,1,0.8113484382629395,1
ISIC_6037869,0,6.128301902208477e-05,0
ISIC_5179415,0,0.6104047298431396,1
ISIC_8748070,0,0.8440903425216675,1
ISIC_8133350,1,0.8117970824241638,1
ISIC_9891774,0,0.5263487696647644,1
ISIC_8296246,0,0.010126706212759018,0
ISIC_0664113,0,0.0006701793172396719,0
ISIC_9618016,0,0.00024631927954033017,0
ISIC_6210500,0,0.04368533194065094,0
ISIC_8134125,0,0.015004589222371578,0
ISIC_6662824,0,2.5200467916874913e-06,0
ISIC_7496225,0,0.16988946497440338,0
ISIC_9760552,0,0.001327525358647108,0
ISIC_3856233,0,0.03938133269548416,0
ISIC_9362960,0,0.017703333869576454,0
ISIC_2063479,0,0.00012581158080138266,0
ISIC_4120771,0,0.0002504831936676055,0
ISIC_3401240,0,0.004594467580318451,0
ISIC_9694867,0,0.012904173694550991,0
ISIC_9545150,0,0.3431101441383362,0
ISIC_3389704,0,0.8060922622680664,1
ISIC_4956713,0,0.7026939392089844,1
ISIC_5408756,0,0.03031395934522152,0
ISIC_2181095,0,0.40922626852989197,0
ISIC_3776131,0,0.042544566094875336,0
ISIC_3692217,0,1.0197502433584305e-06,0
ISIC_1265382,0,0.001506456290371716,0
ISIC_5676893,0,0.0013478395994752645,0
ISIC_9327346,0,0.6530932784080505,1
ISIC_5855918,0,0.8709132075309753,1
ISIC_2636747,0,0.3354228734970093,0
ISIC_9999320,0,4.4310736484476365e-06,0
ISIC_6692344,1,0.7481608390808105,1
ISIC_3689759,0,0.0038607714232057333,0
ISIC_8582918,0,0.47902193665504456,0
ISIC_8786693,0,0.05160445347428322,0
ISIC_7065522,0,0.005406974349170923,0
ISIC_8070555,0,0.7182676792144775,1
ISIC_6666623,0,0.0015443660086020827,0
ISIC_3389551,0,0.0005136749241501093,0
ISIC_1319537,0,0.000383897393476218,0
ISIC_8347518,0,0.0008708530804142356,0
ISIC_7658133,0,1.888101724034641e-05,0
ISIC_3497346,0,0.3360820412635803,0
ISIC_5612713,0,0.2049359232187271,0
ISIC_8052559,0,0.3489598333835602,0
ISIC_6607639,0,0.01758938655257225,0
ISIC_2876073,0,2.9373293727985583e-05,0
ISIC_6768044,0,0.6766573786735535,1
ISIC_4470766,0,0.7240208983421326,1
ISIC_8355344,0,3.360768823768012e-05,0
ISIC_4289345,0,0.11246930062770844,0
ISIC_9517456,0,0.04775005578994751,0
ISIC_2288861,0,3.405188908800483e-05,0
ISIC_0204819,0,0.49934151768684387,0
ISIC_4119029,0,0.708053469657898,1
ISIC_9558915,0,6.97083305567503e-06,0
ISIC_1436124,0,0.3932293653488159,0
ISIC_0431547,0,0.00040972582064568996,0
ISIC_0657596,0,0.046476610004901886,0
ISIC_3866054,0,0.02105531096458435,0
ISIC_7381224,0,2.7386837246012874e-05,0
ISIC_5642121,0,0.5979427099227905,1
ISIC_6914698,0,3.8081856473581865e-05,0
ISIC_7573559,0,0.00251532974652946,0
ISIC_3918318,0,2.7544596377993003e-05,0
ISIC_1361124,0,0.8576054573059082,1
ISIC_2244564,0,0.012002887204289436,0
ISIC_7179845,0,0.00019530767167452723,0
ISIC_5503347,0,0.010114229284226894,0
ISIC_4694986,0,0.3242241144180298,0
ISIC_6550552,0,0.2689039707183838,0
ISIC_7424256,0,0.005173480603843927,0
ISIC_1157032,1,0.9179491996765137,1
ISIC_3126741,0,0.14866720139980316,0
ISIC_5958466,0,0.00019790002261288464,0
ISIC_8516922,0,0.00025651950272731483,0
ISIC_7744571,0,2.875724703699234e-06,0
ISIC_0948152,0,0.8314394354820251,1
ISIC_4341261,0,0.013944887556135654,0
ISIC_2893887,0,0.7400753498077393,1
ISIC_0339922,0,0.011758916079998016,0
ISIC_6866979,0,0.0033242302015423775,0
ISIC_5899528,0,0.1431404948234558,0
ISIC_5621310,0,0.1304500252008438,0
ISIC_8543199,0,0.09272392839193344,0
ISIC_5021938,0,0.0002696369483601302,0
ISIC_7302456,0,0.015598146244883537,0
ISIC_9356120,0,2.7503649107529782e-05,0
ISIC_1850251,0,0.09984119981527328,0
ISIC_7041558,0,3.236198438116844e-07,0
ISIC_5141596,0,0.13979943096637726,0
ISIC_2061063,0,0.0012622055364772677,0
ISIC_1255336,1,0.8600135445594788,1
ISIC_8073568,0,0.5039961338043213,1
ISIC_9061279,0,0.007889222353696823,0
ISIC_4374554,0,0.005992017220705748,0
ISIC_3858314,0,0.4864293932914734,0
ISIC_3112783,0,0.5253194570541382,1
ISIC_4054745,0,6.249564466997981e-05,0
ISIC_3421249,0,0.00019990462169516832,0
ISIC_9484538,0,0.23679403960704803,0
ISIC_6182833,0,0.013792230747640133,0
ISIC_5540401,0,3.07140544464346e-05,0
ISIC_0763883,0,0.0016136050689965487,0
ISIC_4004775,0,0.6896435022354126,1
ISIC_7825431,0,0.0022138571366667747,0
ISIC_3204983,0,0.1533847600221634,0
ISIC_5478846,0,0.48010727763175964,0
ISIC_1710179,0,0.007190318312495947,0
ISIC_2040268,0,0.00025830225786194205,0
ISIC_9045840,0,0.10824690759181976,0
ISIC_7192331,0,0.54767245054245,1
ISIC_7290085,0,0.006928643211722374,0
ISIC_1251721,0,5.2029015932930633e-05,0
ISIC_9608191,0,0.16692213714122772,0
ISIC_8608270,0,0.0017064467538148165,0
ISIC_0377420,0,0.01939920149743557,0
ISIC_3116288,0,0.6477444767951965,1
ISIC_3158899,0,0.0001906625839183107,0
ISIC_8634832,0,9.145038347924128e-05,0
ISIC_2310105,0,0.018670467659831047,0
ISIC_1702152,0,0.004975036717951298,0
ISIC_8629635,0,0.644353449344635,1
ISIC_6933350,0,0.0004274989478290081,0
ISIC_9028997,0,0.7291451096534729,1
ISIC_2064350,0,1.5872159565333277e-05,0
ISIC_9821826,0,0.6342030763626099,1
ISIC_0385627,0,7.478138286387548e-05,0
ISIC_6486815,0,0.6474777460098267,1
ISIC_7492471,0,0.017972569912672043,0
ISIC_1071371,0,0.9360275864601135,1
ISIC_8089289,0,0.03388385474681854,0
ISIC_1110583,1,0.6460551619529724,1
ISIC_8129907,0,0.024390695616602898,0
ISIC_9722385,0,0.0016669092001393437,0
ISIC_7349615,0,1.0208584171778057e-05,0
ISIC_4382390,0,0.0018047257326543331,0
ISIC_7242384,1,0.21895460784435272,0
ISIC_3608401,0,0.714962363243103,1
ISIC_5974838,0,0.18354414403438568,0
ISIC_9160162,0,0.1759834885597229,0
ISIC_3084862,0,0.06388720870018005,0
ISIC_2461731,0,5.527622306544799e-06,0
ISIC_1484659,1,0.4461338222026825,0
ISIC_8965323,0,0.6566247940063477,1
ISIC_9295267,0,0.004471318796277046,0
ISIC_2595590,0,0.01023490447551012,0
ISIC_8113573,0,0.09007666260004044,0
ISIC_1210338,0,0.021097375079989433,0
ISIC_6878644,0,0.013337874785065651,0
ISIC_8048162,0,0.2819136083126068,0
ISIC_0447631,0,0.8451821804046631,1
ISIC_8720514,0,0.020971186459064484,0
ISIC_4013525,0,0.0789429172873497,0
ISIC_3931484,0,0.003581354161724448,0
ISIC_9433388,0,1.2791586811999878e-07,0
ISIC_1809930,0,0.008333177305758,0
ISIC_2842532,0,7.698906301811803e-06,0
ISIC_6363862,0,0.00507811876013875,0
ISIC_3286285,0,0.0010479784104973078,0
ISIC_0795802,0,0.0004661650164052844,0
ISIC_7923858,0,0.00010467186075402424,0
ISIC_8153032,0,0.06608567386865616,0
ISIC_3001328,0,0.019304363057017326,0
ISIC_6228625,0,0.0029614712111651897,0
ISIC_9954349,0,4.3280406316625886e-06,0
ISIC_8626042,0,0.040063705295324326,0
ISIC_1699221,0,0.4745751917362213,0
ISIC_7021038,0,0.5609508752822876,1
ISIC_5763413,0,0.8972997665405273,1
ISIC_2243372,0,0.0012975841527804732,0
ISIC_9964816,0,0.0017881231615319848,0
ISIC_6947604,0,0.037121281027793884,0
ISIC_3718422,0,0.4736371338367462,0
ISIC_2358170,0,0.02467680536210537,0
ISIC_1510160,0,0.41369152069091797,0
ISIC_2134704,0,0.6448178291320801,1
ISIC_6649866,0,0.46011021733283997,0
ISIC_3397764,0,0.8971460461616516,1
ISIC_0305679,0,0.005106483120471239,0
ISIC_4524493,0,2.2236703443923034e-05,0
ISIC_9782539,0,0.011574984528124332,0
ISIC_4408786,0,8.760561468079686e-05,0
ISIC_5600499,0,0.517044723033905,1
ISIC_4825322,0,0.00020209341892041266,0
ISIC_9029813,0,3.461659071035683e-05,0
ISIC_5309572,0,3.331446714582853e-05,0
ISIC_6153728,0,0.011419711634516716,0
ISIC_0599047,0,5.241690814727917e-06,0
ISIC_7908575,0,0.9387767910957336,1
ISIC_2659654,0,5.2686224080389366e-05,0
ISIC_3779532,0,0.04350397735834122,0
ISIC_6226925,0,0.7825316786766052,1
ISIC_6110309,0,0.959030032157898,1
ISIC_1864719,0,0.008225143887102604,0
ISIC_7989205,0,0.14699336886405945,0
ISIC_6781637,0,0.00014306901721283793,0
ISIC_1017015,0,0.0003714753838721663,0
ISIC_8057020,0,0.6746158599853516,1
ISIC_9542430,0,0.11675143986940384,0
ISIC_6715897,0,8.013842307263985e-05,0
ISIC_3024209,0,0.0001713379315333441,0
ISIC_7356954,0,0.06193395331501961,0
ISIC_8479651,0,0.0007287046755664051,0
ISIC_7401893,0,0.006617724429816008,0
ISIC_2054180,0,0.6761007308959961,1
ISIC_3990546,0,0.0763726606965065,0
ISIC_7067750,0,0.0030738511122763157,0
ISIC_1331104,0,0.0002771036815829575,0
ISIC_8905642,0,0.09812851250171661,0
ISIC_7771339,0,0.6755750775337219,1
ISIC_2227830,0,0.5075838565826416,1
ISIC_6584373,0,0.0018361449474468827,0
ISIC_6926716,0,0.010847389698028564,0
ISIC_4397068,0,7.774666300974786e-06,0
ISIC_3329692,0,0.04152754321694374,0
ISIC_4927895,0,3.338532678753836e-06,0
ISIC_9567812,0,0.3121739327907562,0
ISIC_9778389,0,4.828053715755232e-05,0
ISIC_4188644,0,0.8849280476570129,1
ISIC_7716168,0,0.018473254516720772,0
ISIC_8549193,0,1.1681477189995348e-05,0
ISIC_5996300,0,0.0006452841917052865,0
ISIC_5430554,0,0.14017756283283234,0
ISIC_7976310,0,0.850716233253479,1
ISIC_5300278,0,0.00581092294305563,0
ISIC_4030363,0,0.023930666968226433,0
ISIC_1894133,0,0.0035394462756812572,0
ISIC_1106080,0,0.5020041465759277,1
ISIC_7278553,0,0.022663500159978867,0
ISIC_6636720,0,0.49111640453338623,0
ISIC_4529294,0,4.839371285925154e-06,0
ISIC_5736346,0,4.8812912609719206e-06,0
ISIC_3045537,0,0.0027231688145548105,0
ISIC_3576000,0,6.4293308241758496e-06,0
ISIC_1722909,0,3.9329530409304425e-05,0
ISIC_8605422,0,0.0006979280151426792,0
ISIC_2215330,0,0.7956769466400146,1
ISIC_7089905,0,0.0007815913995727897,0
ISIC_9989936,0,0.0005347397527657449,0
ISIC_5405889,0,3.590376351780833e-08,0
ISIC_5917755,0,1.5541925677098334e-05,0
ISIC_8862701,0,0.05392676219344139,0
ISIC_0418519,0,0.14842382073402405,0
ISIC_8859388,0,0.62933748960495,1
ISIC_5644568,0,0.7504719495773315,1
ISIC_4996867,0,0.8838645219802856,1
ISIC_2987630,0,0.32727551460266113,0
ISIC_1189827,0,0.7159489989280701,1
ISIC_1508810,0,0.10788549482822418,0
ISIC_3505339,0,0.0064816768281161785,0
ISIC_9419454,0,0.21023906767368317,0
ISIC_4514456,0,0.23176921904087067,0
ISIC_5680271,0,0.3032098114490509,0
ISIC_1454692,0,0.2095981389284134,0
ISIC_6176607,0,0.5408304333686829,1
ISIC_8516516,0,0.7645478844642639,1
ISIC_9978498,0,0.032076891511678696,0
ISIC_8356528,0,0.012508786283433437,0
ISIC_7031812,0,0.4736444056034088,0
ISIC_4226395,0,0.021433504298329353,0
ISIC_3984965,0,0.0003802283899858594,0
ISIC_9219421,0,0.2102268934249878,0
ISIC_2577938,0,3.604373341659084e-05,0
ISIC_4348896,0,0.3797298073768616,0
ISIC_2266715,0,3.2684183679521084e-05,0
ISIC_3860404,0,0.00016569416038691998,0
ISIC_8311363,0,0.10084918141365051,0
ISIC_1552570,0,0.0884949117898941,0
ISIC_9973015,0,0.2849709093570709,0
ISIC_1161936,0,4.353870826889761e-05,0
ISIC_3763008,0,0.3405829668045044,0
ISIC_5747942,1,0.6403390169143677,1
ISIC_9396422,0,0.004919759463518858,0
ISIC_5076700,0,0.038262754678726196,0
ISIC_8004811,0,0.002867019735276699,0
ISIC_7443928,0,0.0018594355788081884,0
ISIC_2703447,0,0.40342259407043457,0
ISIC_9772465,0,0.5807369351387024,1
ISIC_4248784,0,0.0074754212982952595,0
ISIC_9083972,0,6.0298869357211515e-05,0
ISIC_5909403,0,0.11591694504022598,0
ISIC_5074129,0,5.452533150673844e-05,0
ISIC_4679605,0,0.7606572508811951,1
ISIC_3019176,0,0.19372767210006714,0
ISIC_1891677,0,0.12651292979717255,0
ISIC_3160301,0,0.6817595362663269,1
ISIC_8067714,0,0.0003705077397171408,0
ISIC_6784722,0,0.8199195265769958,1
ISIC_1265755,0,0.6301432251930237,1
ISIC_9917640,0,0.002605295740067959,0
ISIC_9080650,0,0.5319579839706421,1
ISIC_6851482,0,0.000353284616721794,0
ISIC_9055554,0,0.17439882457256317,0
ISIC_9182611,0,0.04230184108018875,0
ISIC_8525845,0,0.0006786314188502729,0
ISIC_2741984,0,0.28197792172431946,0
ISIC_3195720,0,0.38367119431495667,0
ISIC_2532039,0,6.270075391512364e-05,0
ISIC_5086403,0,0.0006462187157012522,0
ISIC_3042633,0,0.026987817138433456,0
ISIC_9976478,0,0.3755571246147156,0
ISIC_6847317,0,6.98067992743745e-07,0
ISIC_3890800,0,0.5181967616081238,1
ISIC_6928442,0,0.2536320686340332,0
ISIC_0981462,0,0.13583987951278687,0
ISIC_7944732,0,0.8019854426383972,1
ISIC_3611039,0,0.00013044611841905862,0
ISIC_8314368,0,0.0002734782756306231,0
ISIC_4312138,0,0.722274899482727,1
ISIC_5501183,0,0.6287527680397034,1
ISIC_4365445,0,0.8296768665313721,1
ISIC_5629288,0,0.011948425322771072,0
ISIC_5631641,0,0.23991890251636505,0
ISIC_6513575,0,1.0011544873123057e-05,0
ISIC_4137798,0,0.29184839129447937,0
ISIC_2875622,0,2.90867974399589e-05,0
ISIC_3148443,0,0.14775854349136353,0
ISIC_2945072,0,0.15943551063537598,0
ISIC_2480315,0,0.09891989082098007,0
ISIC_8401104,0,0.00036036220262758434,0
ISIC_3671274,0,0.4561295807361603,0
ISIC_5102688,0,0.004436072427779436,0
ISIC_8465078,0,9.96829621726647e-05,0
ISIC_1974281,0,0.033420346677303314,0
ISIC_4728200,0,0.6070065498352051,1
ISIC_9590080,0,0.0003239064244553447,0
ISIC_1994545,0,0.00021620035113301128,0
ISIC_7724054,0,0.00010574238694971427,0
ISIC_4564818,0,0.0016456743469461799,0
ISIC_0228713,0,0.002336306031793356,0
ISIC_3534633,0,0.3922228515148163,0
ISIC_2163675,0,0.0038834840524941683,0
ISIC_7721649,0,0.002201902912929654,0
ISIC_3640690,0,0.0008826871053315699,0
ISIC_5844800,0,0.376659631729126,0
ISIC_5342103,0,0.039210930466651917,0
ISIC_8215842,0,0.0005659660091623664,0
ISIC_6619721,0,0.0007652266649529338,0
ISIC_3455285,0,0.00012141191837145016,0
ISIC_3941123,1,0.9541221857070923,1
ISIC_2192666,0,0.00017049096641130745,0
ISIC_7979206,0,0.027843492105603218,0
ISIC_2178583,0,0.23038238286972046,0
ISIC_2146171,0,0.0023281266912817955,0
ISIC_4188203,0,0.6229766011238098,1
ISIC_9723110,0,1.780476486601401e-05,0
ISIC_6526489,1,0.2731786072254181,0
ISIC_3403329,0,0.6556271910667419,1
ISIC_2821172,0,0.004635360091924667,0
ISIC_9699087,0,0.17482072114944458,0
ISIC_2882237,0,0.6629776358604431,1
ISIC_5119949,0,0.000948284228798002,0
ISIC_4324163,0,0.3291487693786621,0
ISIC_0236739,0,0.40797653794288635,0
ISIC_0178430,0,0.587324857711792,1
ISIC_7032085,0,0.007898128591477871,0
ISIC_1932947,0,2.1707892301492393e-05,0
ISIC_1247683,1,0.881443977355957,1
ISIC_3391654,0,0.0029663622844964266,0
ISIC_3001941,0,0.689407229423523,1
ISIC_5904421,0,0.00012123318447265774,0
ISIC_9560483,0,0.18688523769378662,0
ISIC_7476849,0,0.5322418212890625,1
ISIC_5863192,0,1.0118713362317067e-05,0
ISIC_4077341,0,0.00032697556889615953,0
ISIC_6658067,0,9.174491424346343e-05,0
ISIC_7833178,0,0.12757843732833862,0
ISIC_3003397,0,0.395962119102478,0
ISIC_2193761,0,7.11100801709108e-05,0
ISIC_1398485,0,0.13441964983940125,0
ISIC_1640392,0,0.939860999584198,1
ISIC_9089575,0,8.669478120282292e-05,0
ISIC_5587291,0,0.556382417678833,1
ISIC_5553865,0,0.009738706983625889,0
ISIC_1626814,0,8.365893882000819e-05,0
ISIC_7351007,0,0.002198462840169668,0
ISIC_3210830,0,5.625406629405916e-05,0
ISIC_0689354,0,0.0001275584363611415,0
ISIC_1503020,0,0.27668994665145874,0
ISIC_6272661,0,0.6234977841377258,1
ISIC_7034703,0,0.002784798387438059,0
ISIC_4205815,0,0.9685840606689453,1
ISIC_3698568,0,0.5958797931671143,1
ISIC_2735620,0,0.0034374063834547997,0
ISIC_9933406,0,0.7776580452919006,1
ISIC_8841384,0,0.0007065718527883291,0
ISIC_5756962,0,0.03737807646393776,0
ISIC_4620192,0,0.005782441236078739,0
ISIC_6345464,0,0.026760375127196312,0
ISIC_9936937,0,0.7623725533485413,1
ISIC_3825641,0,0.10288987308740616,0
ISIC_2287066,0,0.34090375900268555,0
ISIC_9047184,0,0.0007400152389891446,0
ISIC_5042524,0,1.601483927515801e-05,0
ISIC_6413170,0,0.0014512367779389024,0
ISIC_3592293,0,0.00021420388657134026,0
ISIC_4487743,0,0.01887257769703865,0
ISIC_0189694,0,0.2510131895542145,0
ISIC_6146097,0,0.4525032341480255,0
ISIC_9317777,0,5.101534043205902e-05,0
ISIC_9551696,0,0.00690495315939188,0
ISIC_2664973,0,0.6048181653022766,1
ISIC_6163509,0,0.9379433393478394,1
ISIC_1768733,0,0.0006424078019335866,0
ISIC_9889373,0,0.0009007002227008343,0
ISIC_7230170,0,0.1083141341805458,0
ISIC_8356618,0,0.7408661246299744,1
ISIC_1318781,0,0.005232622846961021,0
ISIC_6717114,0,0.01723344810307026,0
ISIC_5329772,0,0.01626351848244667,0
ISIC_4856651,0,0.7025258541107178,1
ISIC_8689144,0,0.07573381811380386,0
ISIC_7505633,0,0.21017280220985413,0
ISIC_1457263,0,0.03222592547535896,0
ISIC_2164802,0,0.00851677730679512,0
ISIC_8449660,0,5.8016037655761465e-05,0
ISIC_1005745,0,0.06577420979738235,0
ISIC_3371792,0,0.43237215280532837,0
ISIC_2618092,0,0.5441889762878418,1
ISIC_6231450,0,0.41025617718696594,0
ISIC_3213948,0,0.00014567450853064656,0
ISIC_4868783,0,0.6886649131774902,1
ISIC_2817348,0,0.0019613131880760193,0
ISIC_9864402,0,0.00041151800542138517,0
ISIC_8324870,0,0.001699021435342729,0
ISIC_8706909,0,0.12433972209692001,0
ISIC_1230738,0,0.03540169075131416,0
ISIC_4212184,0,0.0002471473126206547,0
ISIC_0543290,0,4.67664904135745e-05,0
ISIC_2387770,0,0.7380751371383667,1
ISIC_4064041,0,0.002799533074721694,0
ISIC_8628723,0,0.7339776754379272,1
ISIC_1602348,0,0.0850665345788002,0
ISIC_1116037,0,0.23505380749702454,0
ISIC_6665364,0,6.291698468885443e-07,0
ISIC_2755037,0,0.003637164831161499,0
ISIC_8154358,0,0.045120034366846085,0
ISIC_2217129,0,0.5298547148704529,1
ISIC_9059919,0,0.7892439365386963,1
ISIC_8649055,0,4.4712232920574024e-05,0
ISIC_7527782,0,0.3212525248527527,0
ISIC_7315685,0,0.38316625356674194,0
ISIC_4981135,0,0.002499970840290189,0
ISIC_7665526,0,0.5769249200820923,1
ISIC_3152305,0,0.7850157022476196,1
ISIC_6575298,0,0.043530870229005814,0
ISIC_6931573,0,1.3859043065167498e-05,0
ISIC_2098959,0,0.03141342103481293,0
ISIC_2793142,0,0.39991945028305054,0
ISIC_1593431,0,3.495038254186511e-05,0
ISIC_9152479,0,0.9904510378837585,1
ISIC_6452564,0,0.05249898508191109,0
ISIC_8175937,0,6.409195066225948e-06,0
ISIC_5611035,0,0.11512240767478943,0
ISIC_0230516,0,0.002219696994870901,0
ISIC_3598288,0,0.2694859504699707,0
ISIC_7438013,0,0.6965513229370117,1
ISIC_4964478,0,0.0355822816491127,0
ISIC_8223110,0,0.35441339015960693,0
ISIC_7171090,0,0.08736996352672577,0
ISIC_5346135,0,0.01887388341128826,0
ISIC_8287528,0,0.5917305946350098,1
ISIC_4089243,0,0.15538614988327026,0
ISIC_6776434,0,0.36775296926498413,0
ISIC_6239663,0,0.16762590408325195,0
ISIC_3760018,0,0.007571768015623093,0
ISIC_9105994,0,0.41711950302124023,0
ISIC_9539757,0,0.08548249304294586,0
ISIC_2323082,0,0.0015563576016575098,0
ISIC_1977122,0,0.04424704983830452,0
ISIC_6582297,0,0.0005361427320167422,0
ISIC_3527113,0,0.429403692483902,0
ISIC_7889838,0,0.027793115004897118,0
ISIC_1441260,0,0.0013941400684416294,0
ISIC_9672376,0,1.6909105397644453e-05,0
ISIC_1477990,0,0.0015730431769043207,0
ISIC_2676009,0,0.0014463277766481042,0
ISIC_9764024,0,0.6685387492179871,1
ISIC_3362969,0,0.08814883232116699,0
ISIC_5744565,0,0.005293645430356264,0
ISIC_5605312,0,7.1574459070689045e-06,0
ISIC_2559472,0,0.8363193273544312,1
ISIC_6518041,0,0.248479962348938,0
ISIC_7071213,0,0.5903747081756592,1
ISIC_6335479,0,6.792883505113423e-05,0
ISIC_2153301,0,5.89317933190614e-05,0
ISIC_1239088,0,0.0015153051353991032,0
ISIC_9356222,0,5.731040346290683e-06,0
ISIC_8011205,0,0.010103831999003887,0
ISIC_2717649,0,0.00010951109288726002,0
ISIC_2434878,0,0.00100885855499655,0
ISIC_9709782,0,7.728066520940047e-06,0
ISIC_6203774,0,0.366413950920105,0
ISIC_9975949,0,0.09178179502487183,0
ISIC_2940763,0,0.961647093296051,1
ISIC_4389708,0,0.00020379468332976103,0
ISIC_4791544,0,0.2571224272251129,0
ISIC_6708968,0,0.7941157817840576,1
ISIC_1646694,0,3.489454911687062e-06,0
ISIC_7681144,0,1.3415393368632067e-05,0
ISIC_3976463,0,0.0011540442937985063,0
ISIC_9825222,0,8.901523074200668e-07,0
ISIC_7687686,0,0.006002070847898722,0
ISIC_1786025,0,0.624829113483429,1
ISIC_1964243,0,0.27566584944725037,0
ISIC_4373563,0,0.006318668834865093,0
ISIC_2674129,0,2.105592102452647e-05,0
ISIC_3552860,0,0.38242608308792114,0
ISIC_9443898,0,0.7638699412345886,1
ISIC_9724506,0,0.0017166106263175607,0
ISIC_2252743,0,0.0002745601232163608,0
ISIC_0654846,0,0.0005507103051058948,0
ISIC_9938316,0,0.0005934493965469301,0
ISIC_3203344,1,0.8188454508781433,1
ISIC_1437020,0,4.616774731402984e-06,0
ISIC_3183782,0,8.175957191269845e-05,0
ISIC_6224828,0,0.17619039118289948,0
ISIC_5792189,0,0.012179620563983917,0
ISIC_3389740,0,0.11593838781118393,0
ISIC_2047914,0,0.8563549518585205,1
ISIC_6725828,0,0.23645099997520447,0
ISIC_7893391,0,0.6210786700248718,1
ISIC_6892058,0,0.005568407010287046,0
ISIC_2860800,0,0.016535650938749313,0
ISIC_9757654,0,0.017679482698440552,0
ISIC_7069404,0,0.005168530158698559,0
ISIC_5309814,0,5.128605698700994e-05,0
ISIC_0592552,0,0.0005626321653835475,0
ISIC_1267793,0,0.19234120845794678,0
ISIC_1159177,0,0.0005600468721240759,0
ISIC_0888084,0,2.1152141925995238e-05,0
ISIC_4762362,0,0.36724960803985596,0
ISIC_2527485,0,0.017991231754422188,0
ISIC_1060006,0,0.12025660276412964,0
ISIC_2864383,0,0.003727799281477928,0
ISIC_4431858,0,0.0023993304930627346,0
ISIC_1567686,0,0.06716836988925934,0
ISIC_9886225,0,5.178082938073203e-05,0
ISIC_4683122,0,0.007503156084567308,0
ISIC_6634524,0,0.05012157931923866,0
ISIC_7901662,0,0.3495137393474579,0
ISIC_5338268,0,0.11545521020889282,0
ISIC_8284685,0,0.0024137613363564014,0
ISIC_9137479,0,0.97210294008255,1
ISIC_4853371,0,0.9096691608428955,1
ISIC_6304525,0,0.0012777821393683553,0
ISIC_8409421,0,0.42967620491981506,0
ISIC_8333087,0,0.1193305030465126,0
ISIC_4927297,0,0.005324699450284243,0
ISIC_1141622,0,0.003979281056672335,0
ISIC_2056352,0,0.027299676090478897,0
ISIC_1487640,0,0.6502416729927063,1
ISIC_0822238,0,0.185911163687706,0
ISIC_6681802,0,0.02410544641315937,0
ISIC_6784593,1,0.8476879596710205,1
ISIC_9679700,0,0.016166260465979576,0
ISIC_0292616,0,0.30398792028427124,0
ISIC_2771657,0,0.026250215247273445,0
ISIC_7117369,0,0.2166382223367691,0
ISIC_8116716,0,2.7207295715925284e-05,0
ISIC_0557109,0,0.07872077822685242,0
ISIC_8617277,1,0.9900568127632141,1
ISIC_5938680,0,0.00039368102443404496,0
ISIC_0439726,0,0.002567174145951867,0
ISIC_6385220,0,1.5932060705381446e-05,0
ISIC_3943822,0,0.4064663052558899,0
ISIC_3613068,0,1.621249975869432e-05,0
ISIC_3175789,0,0.025512903928756714,0
ISIC_0355920,0,0.06563062220811844,0
ISIC_7450299,0,0.32689616084098816,0
ISIC_2033237,1,0.9336504936218262,1
ISIC_7578547,0,0.00012379468535073102,0
ISIC_7281308,0,0.7861374616622925,1
ISIC_2542073,0,0.001240278477780521,0
ISIC_4800314,0,0.0011039212113246322,0
ISIC_4794551,0,0.511976957321167,1
ISIC_1951928,0,0.25928792357444763,0
ISIC_9728003,0,0.0001079249705071561,0
ISIC_9501851,0,0.46911880373954773,0
ISIC_4181204,0,0.19651536643505096,0
ISIC_8438071,0,0.7651134133338928,1
ISIC_2927289,0,0.014504642225801945,0
ISIC_2418848,0,0.001761824474669993,0
ISIC_4879187,0,0.4095657765865326,0
ISIC_8462364,0,0.719012439250946,1
ISIC_0886853,0,0.022095534950494766,0
ISIC_4863784,0,1.7677097275736742e-05,0
ISIC_5122042,0,1.6191763279493898e-05,0
ISIC_6474368,0,1.0598612789181061e-05,0
ISIC_3380009,0,0.7412218451499939,1
ISIC_6263662,0,3.203353571734624e-06,0
ISIC_3892055,0,5.409391815192066e-05,0
ISIC_2535558,0,0.0028457753360271454,0
ISIC_3821242,1,0.9390442371368408,1
ISIC_4086323,0,0.07904738187789917,0
ISIC_1320837,0,0.00014625531912315637,0
ISIC_4351814,0,0.2209201157093048,0
ISIC_7307520,0,0.7756516933441162,1
ISIC_2390283,0,0.02867615967988968,0
ISIC_9505910,0,0.0037458029109984636,0
ISIC_4741420,0,0.004383691120892763,0
ISIC_1153069,0,0.5452311038970947,1
ISIC_7170431,0,5.935960871283896e-05,0
ISIC_8311165,0,0.18415404856204987,0
ISIC_6219458,0,0.00048619191511534154,0
ISIC_6048309,0,0.0006524194031953812,0
ISIC_0764189,0,0.3477969467639923,0
ISIC_9668332,0,0.06394081562757492,0
ISIC_3090572,0,0.0001868208491941914,0
ISIC_2786160,0,0.16513895988464355,0
ISIC_5503386,0,0.07517769187688828,0
ISIC_3812608,0,0.5834805965423584,1
ISIC_4132022,0,0.009725642390549183,0
ISIC_5106240,0,0.000767672376241535,0
ISIC_9721312,0,0.00039849066524766386,0
ISIC_6933296,0,0.7093383073806763,1
ISIC_5182364,0,0.0049430434592068195,0
ISIC_1539069,0,0.00047796795843169093,0
ISIC_0413372,0,0.5429466962814331,1
ISIC_0639951,0,0.004690153524279594,0
ISIC_3485709,0,0.17286650836467743,0
ISIC_0812223,0,0.8236045241355896,1
ISIC_1580767,0,0.9244979619979858,1
ISIC_2663010,0,0.588918149471283,1
ISIC_4120704,0,0.08464367687702179,0
ISIC_0293607,0,0.8667904138565063,1
ISIC_2281048,0,0.8048551082611084,1
ISIC_0507787,0,0.6743263602256775,1
ISIC_8244699,0,0.5298810005187988,1
ISIC_3392146,0,0.00044933235039934516,0
ISIC_7484618,0,0.000459083094028756,0
ISIC_3441196,0,2.3985143343452364e-05,0
ISIC_8907769,0,4.230641479807673e-06,0
ISIC_7017547,0,0.6176130175590515,1
ISIC_5486460,0,0.05324750021100044,0
ISIC_8991672,0,0.12337575852870941,0
ISIC_8431648,0,0.45335572957992554,0
ISIC_2348481,0,0.9010277390480042,1
ISIC_4647349,0,0.4954831004142761,0
ISIC_5039900,0,0.03425754979252815,0
ISIC_8778648,0,0.006501306779682636,0
ISIC_3920274,0,0.05400601401925087,0
ISIC_9118842,0,0.006814653519541025,0
ISIC_5549618,0,0.022893354296684265,0
ISIC_2796461,0,0.03499891236424446,0
ISIC_9870573,0,0.00017328932881355286,0
ISIC_5602724,0,0.0007990968879312277,0
ISIC_6625189,0,4.78833717352245e-05,0
ISIC_6035124,0,8.340745989698917e-05,0
ISIC_8410793,0,0.0003175184829160571,0
ISIC_5985961,0,0.6197590231895447,1
ISIC_0244197,0,0.008684495463967323,0
ISIC_9277695,0,0.10755202919244766,0
ISIC_6166308,0,0.12977911531925201,0
ISIC_4801791,0,0.39426517486572266,0
ISIC_4993777,0,1.2236170732649043e-05,0
ISIC_9598638,0,0.013265359215438366,0
ISIC_4086529,0,7.999144872883335e-05,0
ISIC_5799583,0,0.9437133073806763,1
ISIC_3282214,0,4.81480747112073e-05,0
ISIC_1374795,0,0.9522926807403564,1
ISIC_6693976,0,0.6674050688743591,1
ISIC_1948751,0,0.3632167875766754,0
ISIC_9166979,0,0.003463272238150239,0
ISIC_2479876,0,0.5912986397743225,1
ISIC_0765632,0,0.0005033195484429598,0
ISIC_3804675,0,0.520435631275177,1
ISIC_4913284,0,0.0001772673276718706,0
ISIC_3356776,0,3.1010276870802045e-06,0
ISIC_2338485,0,0.00011820841609733179,0
ISIC_6384559,0,0.023987626656889915,0
ISIC_2619603,0,0.001423373119905591,0
ISIC_6580386,0,3.312675289635081e-06,0
ISIC_3490353,0,1.692067939984554e-06,0
ISIC_7253561,0,0.03210953623056412,0
ISIC_4488579,0,0.12990805506706238,0
ISIC_1846179,0,0.0065051787532866,0
ISIC_1910158,0,3.8569633034057915e-05,0
ISIC_7863757,0,0.06208669766783714,0
ISIC_5174685,0,0.5996700525283813,1
ISIC_7266307,0,0.00040248638833872974,0
ISIC_4929865,0,0.5019903182983398,1
ISIC_7354733,0,0.8692765235900879,1
ISIC_7688025,0,0.2181864231824875,0
ISIC_4700532,0,0.2136666178703308,0
